subject_id	subject_label	subject_category	predicate_id	object_id	object_label	object_category	match_type	subject_source	object_source	mapping_tool	confidence	subject_match_field	object_match_field	match_string	comment
gold.vocab:Forest	Forest	gold.path:Environmental	owl:equivalentClass	ENVO:00000111	forested area	entity	Lexical	gold.vocab	ENVO	rdf_matcher	0.4482454769402857	rdfs:label	oio:hasRelatedSynonym	forest	.
gold.vocab:Vegetable	Vegetable	gold.path:Engineered	owl:equivalentClass	FOODON:00003816	vegetable (whole)	entity	Lexical	gold.vocab	FOODON	rdf_matcher	0.7646974474473456	rdfs:label	oio:hasExactSynonym	vegetable	.
gold.vocab:Neritic-zone	Neritic zone	gold.path:Environmental	owl:equivalentClass	ENVO:00000206	marine neritic zone	entity	Lexical	gold.vocab	ENVO	rdf_matcher	0.8666725756683418	oio:hasExactSynonym	rdfs:label	marine neritic zone	.
gold.vocab:Palsa	Palsa	gold.path:Environmental	owl:equivalentClass	ENVO:00000489	palsa	entity	Lexical	gold.vocab	ENVO	rdf_matcher	0.8818975235008119	rdfs:label	rdfs:label	palsa	.
gold.vocab:Vadose-zone	Vadose zone	gold.path:Environmental	owl:equivalentClass	ENVO:00000328	vadose zone	entity	Lexical	gold.vocab	ENVO	rdf_matcher	0.8819180938710862	rdfs:label	rdfs:label	vadose zone	.
gold.vocab:Primate	Primate	gold.path:Host-associated	owl:equivalentClass	NCBITaxon:9443	Primates	ncbi_taxonomy	Lexical	gold.vocab	NCBITaxon	rdf_matcher	0.9285757762950954	rdfs:label	oio:hasExactSynonym	primate	.
gold.vocab:Black-smokers	Black smokers	gold.path:Environmental	owl:equivalentClass	ENVO:00000218	black smoker	ENVO	Lexical|Stemming	gold.vocab	ENVO	rdf_matcher	0.8407978320270983	rdfs:label	rdfs:label	black smok	.
gold.vocab:Industrial-waste	Industrial waste	gold.path:Engineered	owl:equivalentClass	ENVO:00002267	industrial waste material	ENVO	Lexical	gold.vocab	ENVO	rdf_matcher	0.4482526106916205	rdfs:label	oio:hasBroadSynonym	industrial waste	.
gold.vocab:Activated-sludge	Activated sludge	gold.path:Engineered	owl:equivalentClass	ENVO:00002046	activated sludge	ENVO	Lexical	gold.vocab	ENVO	rdf_matcher	0.7886917991082715	rdfs:label	rdfs:label	activated sludge	.
gold.vocab:Household-waste	Household waste	gold.path:Engineered	owl:equivalentClass	ENVO:01000372	household waste material	entity	Lexical	gold.vocab	ENVO	rdf_matcher	0.4482144025360609	rdfs:label	oio:hasBroadSynonym	household waste	.
gold.vocab:Marginal-Sea	Marginal Sea	gold.path:Environmental	owl:equivalentClass	ENVO:00000016	sea	entity	Lexical	gold.vocab	ENVO	rdf_matcher	0.619023973758482	rdfs:label	oio:hasNarrowSynonym	marginal sea	.
gold.vocab:Hoof	Hoof	gold.path:Host-associated	owl:equivalentClass	UBERON:0008963	hoof	uberon	Lexical	gold.vocab	UBERON	rdf_matcher	0.9372470313297396	rdfs:label	rdfs:label	hoof	.
gold.vocab:Wetlands	Wetlands	gold.path:Environmental	owl:equivalentClass	ENVO:01001209	wetland ecosystem	entity	Lexical|Stemming	gold.vocab	ENVO	rdf_matcher	0.8213493736301232	rdfs:label	oio:hasExactSynonym	wetland	.
gold.vocab:Haptophytes	Haptophytes	gold.path:Host-associated	owl:equivalentClass	NCBITaxon:2830	Haptophyta	ncbi_taxonomy	Lexical	gold.vocab	NCBITaxon	rdf_matcher	0.8667295154612538	rdfs:label	oio:hasRelatedSynonym	haptophytes	.
gold.vocab:Air	Air	gold.path:Engineered	owl:equivalentClass	ENVO:00002005	air	entity	Lexical	gold.vocab	ENVO	rdf_matcher	0.6511535162325862	rdfs:label	rdfs:label	air	.
gold.vocab:Grasshopper	Grasshopper	gold.path:Host-associated	owl:equivalentClass	NCBITaxon:7001	Caelifera	ncbi_taxonomy	Lexical|Stemming	gold.vocab	NCBITaxon	rdf_matcher	0.8212917259564364	rdfs:label	oio:hasRelatedSynonym	grasshopp	.
gold.vocab:Wastewater	Wastewater	gold.path:Engineered	owl:equivalentClass	ENVO:00002001	waste water	ENVO	Lexical|Flattening	gold.vocab	ENVO	rdf_matcher	0.568968159532625	rdfs:label	rdfs:label	wastewater	.
gold.vocab:Copepoda	Copepoda	gold.path:Host-associated	owl:equivalentClass	NCBITaxon:6830	Copepoda	ncbi_taxonomy	Lexical	gold.vocab	NCBITaxon	rdf_matcher	0.9372315514617274	rdfs:label	rdfs:label	copepoda	.
gold.vocab:Moth	Moth	gold.path:Host-associated	owl:equivalentClass	NCBITaxon:7088	Lepidoptera	ncbi_taxonomy	Lexical|Stemming	gold.vocab	NCBITaxon	rdf_matcher	0.9019001563196926	rdfs:label	oio:hasExactSynonym	moth	.
gold.vocab:Saprolite	Saprolite	gold.path:Environmental	owl:equivalentClass	ENVO:03600016	saprolite	entity	Lexical	gold.vocab	ENVO	rdf_matcher	0.8819234839123042	rdfs:label	rdfs:label	saprolite	.
gold.vocab:Crustacea	Crustacea	gold.path:Host-associated	owl:equivalentClass	NCBITaxon:6657	Crustacea	ncbi_taxonomy	Lexical	gold.vocab	NCBITaxon	rdf_matcher	0.937298131714052	rdfs:label	rdfs:label	crustacea	.
gold.vocab:Activated-Sludge	Activated Sludge	gold.path:Engineered	owl:equivalentClass	ENVO:00002046	activated sludge	ENVO	Lexical	gold.vocab	ENVO	rdf_matcher	0.7887183241750647	rdfs:label	rdfs:label	activated sludge	.
gold.vocab:Aerobic	Aerobic	gold.path:Engineered	owl:equivalentClass	PATO:0001455	aerobic	quality	Lexical	gold.vocab	PATO	rdf_matcher	0.7887623258728079	rdfs:label	rdfs:label	aerobic	.
gold.vocab:Coastal	Coastal	gold.path:Environmental	owl:equivalentClass	ENVO:01000687	coast	entity	Lexical	gold.vocab	ENVO	rdf_matcher	0.8667297149872614	oio:hasExactSynonym	rdfs:label	coast	.
gold.vocab:Dairy-products	Dairy products	gold.path:Engineered	owl:equivalentClass	FOODON:00001256	dairy food product	entity	Lexical|Stemming	gold.vocab	FOODON	rdf_matcher	0.6967508420095433	rdfs:label	oio:hasExactSynonym	dairy product	.
gold.vocab:Sea-Star	Sea Star	gold.path:Host-associated	owl:equivalentClass	NCBITaxon:7588	Asteroidea	ncbi_taxonomy	Lexical|Stemming	gold.vocab	NCBITaxon	rdf_matcher	0.90191627844085	rdfs:label	oio:hasExactSynonym	sea star	.
gold.vocab:WWTP	WWTP	gold.path:Engineered	owl:equivalentClass	ENVO:00002272	waste treatment plant	entity	Lexical	gold.vocab	ENVO	rdf_matcher	0.7647330925933847	rdfs:label	oio:hasExactSynonym	wwtp	.
gold.vocab:Gingival-sulcus	Gingival sulcus	gold.path:Host-associated	owl:equivalentClass	UBERON:0008805	gingival groove	uberon	Lexical	gold.vocab	UBERON	rdf_matcher	0.9286149407432972	rdfs:label	oio:hasExactSynonym	gingival sulcus	.
gold.vocab:Fermented-beverages	Fermented beverages	gold.path:Engineered	owl:equivalentClass	FOODON:00001094	fermented beverage	entity	Lexical|Stemming	gold.vocab	FOODON	rdf_matcher	0.7252919409800909	rdfs:label	rdfs:label	fermented beverag	.
gold.vocab:Sludge	Sludge	gold.path:Engineered	owl:equivalentClass	ENVO:00002044	sludge	entity	Lexical	gold.vocab	ENVO	rdf_matcher	0.7887517468453045	rdfs:label	rdfs:label	sludge	.
gold.vocab:Wood	Wood	gold.path:Engineered	owl:equivalentClass	ENVO:00002040	wood	ENVO	Lexical	gold.vocab	ENVO	rdf_matcher	0.788694444778732	rdfs:label	rdfs:label	wood	.
gold.vocab:Seaweed	Seaweed	gold.path:Environmental	owl:equivalentClass	FOODON:03412266	seaweed	entity	Lexical	gold.vocab	FOODON	rdf_matcher	0.7886874480998567	rdfs:label	rdfs:label	seaweed	.
gold.vocab:Cold-seeps	Cold seeps	gold.path:Environmental	owl:equivalentClass	ENVO:01000263	cold seep	ENVO	Lexical|Stemming	gold.vocab	ENVO	rdf_matcher	0.8407709053793229	rdfs:label	rdfs:label	cold seep	.
gold.vocab:Agricultural-soil	Agricultural soil	gold.path:Environmental	owl:equivalentClass	ENVO:00002259	agricultural soil	ENVO	Lexical	gold.vocab	ENVO	rdf_matcher	0.8819455774170277	rdfs:label	rdfs:label	agricultural soil	.
gold.vocab:Paper	Paper	gold.path:Engineered	owl:equivalentClass	FOODON:03500039	food-grade paper product surface	entity	Lexical	gold.vocab	FOODON	rdf_matcher	0.7647053857244867	rdfs:label	oio:hasExactSynonym	paper	.
gold.vocab:Volcanic	Volcanic	gold.path:Environmental	owl:equivalentClass	ENVO:00000247	volcano	entity	Lexical	gold.vocab	ENVO	rdf_matcher	0.86672830183333	oio:hasExactSynonym	rdfs:label	volcano	.
gold.vocab:Rock	Rock	gold.path:Engineered	owl:equivalentClass	ENVO:00001995	rock	entity	Lexical	gold.vocab	ENVO	rdf_matcher	0.788774238205577	rdfs:label	rdfs:label	rock	.
gold.vocab:Sewage	Sewage	gold.path:Engineered	owl:equivalentClass	ENVO:00002018	sewage	ENVO	Lexical	gold.vocab	ENVO	rdf_matcher	0.7887357130585524	rdfs:label	rdfs:label	sewage	.
gold.vocab:Enamel	Enamel	gold.path:Host-associated	owl:equivalentClass	UBERON:0001752	enamel	uberon	Lexical	gold.vocab	UBERON	rdf_matcher	0.9372353877480591	rdfs:label	rdfs:label	enamel	.
gold.vocab:Freshwater	Freshwater	gold.path:Engineered	owl:equivalentClass	ENVO:00002011	fresh water	entity	Lexical	gold.vocab	ENVO	rdf_matcher	0.7647095418869932	rdfs:label	oio:hasExactSynonym	freshwater	.
gold.vocab:Breast	Breast	gold.path:Host-associated	owl:equivalentClass	UBERON:0000310	breast	uberon	Lexical	gold.vocab	UBERON	rdf_matcher	0.9372400555191222	rdfs:label	rdfs:label	breast	.
gold.vocab:Oil-sands	Oil sands	gold.path:Engineered	owl:equivalentClass	ENVO:03600013	bituminous sand	entity	Lexical	gold.vocab	ENVO	rdf_matcher	0.7647322054579123	rdfs:label	oio:hasExactSynonym	oil sands	.
gold.vocab:Compost	Compost	gold.path:Engineered	owl:equivalentClass	ENVO:00002170	compost	ENVO	Lexical	gold.vocab	ENVO	rdf_matcher	0.7887034620983537	rdfs:label	rdfs:label	compost	.
gold.vocab:Xylene	Xylene	gold.path:Engineered	owl:equivalentClass	CHEBI:27338	xylene	entity	Lexical	gold.vocab	CHEBI	rdf_matcher	0.7887318798232628	rdfs:label	rdfs:label	xylene	.
gold.vocab:Diatoms	Diatoms	gold.path:Host-associated	owl:equivalentClass	NCBITaxon:2836	Bacillariophyta	ncbi_taxonomy	Lexical	gold.vocab	NCBITaxon	rdf_matcher	0.928602542864018	rdfs:label	oio:hasExactSynonym	diatoms	.
gold.vocab:Spleen	Spleen	gold.path:Host-associated	owl:equivalentClass	UBERON:0002106	spleen	uberon	Lexical	gold.vocab	UBERON	rdf_matcher	0.9372749870473724	rdfs:label	rdfs:label	spleen	.
gold.vocab:Pelagic	Pelagic	gold.path:Environmental	owl:equivalentClass	ENVO:00000208	marine pelagic zone	entity	Lexical	gold.vocab	ENVO	rdf_matcher	0.8666957940226779	oio:hasExactSynonym	rdfs:label	marine pelagic zone	.
gold.vocab:Loam	Loam	gold.path:Environmental	owl:equivalentClass	ENVO:00002258	loam	entity	Lexical	gold.vocab	ENVO	rdf_matcher	0.8818608522033256	rdfs:label	rdfs:label	loam	.
gold.vocab:Dental-pulp	Dental pulp	gold.path:Host-associated	owl:equivalentClass	UBERON:0001754	dental pulp	uberon	Lexical	gold.vocab	UBERON	rdf_matcher	0.9373065250698416	rdfs:label	rdfs:label	dental pulp	.
gold.vocab:Agricultural	Agricultural	gold.path:Environmental	owl:equivalentClass	ENVO:01001442	agriculture	entity	Lexical|Stemming	gold.vocab	ENVO	rdf_matcher	0.8407743225572226	rdfs:label	rdfs:label	agricultur	.
gold.vocab:Sinkhole	Sinkhole	gold.path:Environmental	owl:equivalentClass	ENVO:00000195	sinkhole	ENVO	Lexical	gold.vocab	ENVO	rdf_matcher	0.8819131041943943	rdfs:label	rdfs:label	sinkhole	.
gold.vocab:Urinary-tract	Urinary tract	gold.path:Host-associated	owl:equivalentClass	UBERON:0001008	renal system	uberon	Lexical	gold.vocab	UBERON	rdf_matcher	0.9285627862647936	rdfs:label	oio:hasExactSynonym	urinary tract	.
gold.vocab:Food-waste	Food waste	gold.path:Engineered	owl:equivalentClass	ENVO:03600006	food waste	entity	Lexical	gold.vocab	ENVO	rdf_matcher	0.788699942859386	rdfs:label	rdfs:label	food waste	.
gold.vocab:Surface	Surface	gold.path:Host-associated	owl:equivalentClass	UBERON:0002416	integumental system	uberon	Lexical	gold.vocab	UBERON	rdf_matcher	0.8666343744709227	rdfs:label	oio:hasRelatedSynonym	surface	.
gold.vocab:Oil-seeps	Oil seeps	gold.path:Environmental	owl:equivalentClass	ENVO:00002063	oil seep	entity	Lexical|Stemming	gold.vocab	ENVO	rdf_matcher	0.840725558963413	rdfs:label	rdfs:label	oil seep	.
gold.vocab:Gastric-mucosa	Gastric mucosa	gold.path:Host-associated	owl:equivalentClass	UBERON:0001199	mucosa of stomach	uberon	Lexical	gold.vocab	UBERON	rdf_matcher	0.9285557861512084	rdfs:label	oio:hasExactSynonym	gastric mucosa	.
gold.vocab:Agricultural-waste	Agricultural waste	gold.path:Engineered	owl:equivalentClass	ENVO:01000371	agricultural waste material	entity	Lexical	gold.vocab	ENVO	rdf_matcher	0.4482724301830411	rdfs:label	oio:hasBroadSynonym	agricultural waste	.
gold.vocab:Heart-valve	Heart valve	gold.path:Host-associated	owl:equivalentClass	UBERON:0000946	cardial valve	uberon	Lexical	gold.vocab	UBERON	rdf_matcher	0.9286142786302214	rdfs:label	oio:hasExactSynonym	heart valve	.
gold.vocab:Hydrothermal-vents	Hydrothermal vents	gold.path:Environmental	owl:equivalentClass	ENVO:00000215	hydrothermal vent	ENVO	Lexical|Stemming	gold.vocab	ENVO	rdf_matcher	0.8407907214984538	rdfs:label	rdfs:label	hydrothermal v	.
gold.vocab:Fermented-meat-products	Fermented meat products	gold.path:Engineered	owl:equivalentClass	FOODON:00001314	fermented meat product	entity	Lexical|Stemming	gold.vocab	FOODON	rdf_matcher	0.7252068856009708	rdfs:label	rdfs:label	fermented meat product	.
gold.vocab:Garden	Garden	gold.path:Environmental	owl:equivalentClass	ENVO:00000011	garden	ENVO	Lexical	gold.vocab	ENVO	rdf_matcher	0.8818566501209089	rdfs:label	rdfs:label	garden	.
gold.vocab:Biofilm	Biofilm	gold.path:Engineered	owl:equivalentClass	ENVO:00002034	biofilm	ENVO	Lexical	gold.vocab	ENVO	rdf_matcher	0.7887450225276675	rdfs:label	rdfs:label	biofilm	.
gold.vocab:Ice-cream	Ice cream	gold.path:Engineered	owl:equivalentClass	FOODON:00001045	ice cream food product	entity	Lexical	gold.vocab	FOODON	rdf_matcher	0.7647126684289312	rdfs:label	oio:hasExactSynonym	ice cream	.
gold.vocab:Pus	Pus	gold.path:Host-associated	owl:equivalentClass	UBERON:0000177	pus	uberon	Lexical	gold.vocab	UBERON	rdf_matcher	0.8819372032426075	rdfs:label	rdfs:label	pus	.
gold.vocab:Mine	Mine	gold.path:Engineered	owl:equivalentClass	ENVO:00000076	mine	entity	Lexical	gold.vocab	ENVO	rdf_matcher	0.788726669781584	rdfs:label	rdfs:label	mine	.
gold.vocab:Coral-reef	Coral reef	gold.path:Environmental	owl:equivalentClass	ENVO:00000150	coral reef	entity	Lexical	gold.vocab	ENVO	rdf_matcher	0.8818651154882906	rdfs:label	rdfs:label	coral reef	.
gold.vocab:Cloaca	Cloaca	gold.path:Host-associated	owl:equivalentClass	UBERON:0000162	cloaca	uberon	Lexical	gold.vocab	UBERON	rdf_matcher	0.937319044676738	rdfs:label	rdfs:label	cloaca	.
gold.vocab:Lotic	Lotic	gold.path:Environmental	owl:equivalentClass	ENVO:01000618	lotic water body	entity	Lexical	gold.vocab	ENVO	rdf_matcher	0.8666536405022719	oio:hasExactSynonym	rdfs:label	lotic water body	.
gold.vocab:Rhizoplane	Rhizoplane	gold.path:Host-associated	owl:equivalentClass	ENVO:01001181	rhizoplane	entity	Lexical	gold.vocab	ENVO	rdf_matcher	0.7886842454757728	rdfs:label	rdfs:label	rhizoplane	.
gold.vocab:Aphotic-zone	Aphotic zone	gold.path:Environmental	owl:equivalentClass	ENVO:00000210	marine aphotic zone	entity	Lexical|Flattening	gold.vocab	ENVO	rdf_matcher	0.6967774837664019	rdfs:label	oio:hasExactSynonym	aphoticzone	.
gold.vocab:Hospital	Hospital	gold.path:Engineered	owl:equivalentClass	ENVO:00002173	hospital	entity	Lexical	gold.vocab	ENVO	rdf_matcher	0.7887300239243651	rdfs:label	rdfs:label	hospital	.
gold.vocab:Wall	Wall	gold.path:Environmental	owl:equivalentClass	UBERON:0000060	anatomical wall	uberon	Lexical	gold.vocab	UBERON	rdf_matcher	0.4482924964459525	rdfs:label	oio:hasBroadSynonym	wall	.
gold.vocab:Salt-marsh	Salt marsh	gold.path:Environmental	owl:equivalentClass	ENVO:00000054	saline marsh	entity	Lexical	gold.vocab	ENVO	rdf_matcher	0.8667276081315641	rdfs:label	oio:hasExactSynonym	salt marsh	.
gold.vocab:Potting-soil	Potting soil	gold.path:Environmental	owl:equivalentClass	ENVO:03000133	agricultural potting mixture	entity	Lexical	gold.vocab	ENVO	rdf_matcher	0.8666751642818131	rdfs:label	oio:hasExactSynonym	potting soil	.
gold.vocab:Intertidal-zone	Intertidal zone	gold.path:Environmental	owl:equivalentClass	ENVO:00000316	intertidal zone	entity	Lexical	gold.vocab	ENVO	rdf_matcher	0.881883895905359	rdfs:label	rdfs:label	intertidal zone	.
gold.vocab:Mud	Mud	gold.path:Engineered	owl:equivalentClass	ENVO:01000001	mud	entity	Lexical	gold.vocab	ENVO	rdf_matcher	0.6511607270271997	rdfs:label	rdfs:label	mud	.
gold.vocab:Forest-soil	Forest soil	gold.path:Environmental	owl:equivalentClass	ENVO:00002261	forest soil	entity	Lexical	gold.vocab	ENVO	rdf_matcher	0.8818597893711072	rdfs:label	rdfs:label	forest soil	.
gold.vocab:Mangrove-swamp	Mangrove swamp	gold.path:Environmental	owl:equivalentClass	ENVO:00000057	mangrove swamp	entity	Lexical	gold.vocab	ENVO	rdf_matcher	0.8818957300356677	rdfs:label	rdfs:label	mangrove swamp	.
gold.vocab:Food-production	Food production	gold.path:Engineered	owl:equivalentClass	FOODON:03530206	food production	entity	Lexical	gold.vocab	FOODON	rdf_matcher	0.7887377658618381	rdfs:label	rdfs:label	food production	.
gold.vocab:Galls	Galls	gold.path:Host-associated	owl:equivalentClass	UBERON:0001970	bile	uberon	Lexical|Stemming	gold.vocab	UBERON	rdf_matcher	0.8213607158868172	rdfs:label	oio:hasRelatedSynonym	gall	.
gold.vocab:Swimming-pool	Swimming pool	gold.path:Engineered	owl:equivalentClass	ENVO:01000965	constructed swimming pool	entity	Lexical	gold.vocab	ENVO	rdf_matcher	0.7647063088791959	rdfs:label	oio:hasExactSynonym	swimming pool	.
gold.vocab:Clay	Clay	gold.path:Environmental	owl:equivalentClass	ENVO:00002982	clay	entity	Lexical	gold.vocab	ENVO	rdf_matcher	0.8818890808774703	rdfs:label	rdfs:label	clay	.
gold.vocab:Farm	Farm	gold.path:Environmental	owl:equivalentClass	ENVO:00000078	farm	entity	Lexical	gold.vocab	ENVO	rdf_matcher	0.8818768065111217	rdfs:label	rdfs:label	farm	.
gold.vocab:Estuary	Estuary	gold.path:Environmental	owl:equivalentClass	ENVO:00000045	estuary	entity	Lexical	gold.vocab	ENVO	rdf_matcher	0.881877854706706	rdfs:label	rdfs:label	estuary	.
gold.vocab:Larvae	Larvae	gold.path:Host-associated	owl:equivalentClass	UBERON:0002548	larva	uberon	Lexical|Stemming	gold.vocab	UBERON	rdf_matcher	0.913558494528784	rdfs:label	rdfs:label	larva	.
gold.vocab:Drinking-water-pipeline	Drinking water pipeline	gold.path:Engineered	owl:equivalentClass	ENVO:03600003	drinking water pipeline network	entity	Lexical	gold.vocab	ENVO	rdf_matcher	0.4482821094994911	rdfs:label	oio:hasBroadSynonym	drinking water pipeline	.
gold.vocab:Ascites	Ascites	gold.path:Host-associated	owl:equivalentClass	UBERON:0007795	ascitic fluid	uberon	Lexical	gold.vocab	UBERON	rdf_matcher	0.8666815559237425	rdfs:label	oio:hasRelatedSynonym	ascites	.
gold.vocab:Silt	Silt	gold.path:Environmental	owl:equivalentClass	ENVO:01000016	silt	entity	Lexical	gold.vocab	ENVO	rdf_matcher	0.8818580319270835	rdfs:label	rdfs:label	silt	.
gold.vocab:Beach	Beach	gold.path:Environmental	owl:equivalentClass	ENVO:00000091	beach	entity	Lexical	gold.vocab	ENVO	rdf_matcher	0.8819243541440958	rdfs:label	rdfs:label	beach	.
gold.vocab:Oceanic-crust	Oceanic crust	gold.path:Environmental	owl:equivalentClass	ENVO:01000749	oceanic crust	entity	Lexical	gold.vocab	ENVO	rdf_matcher	0.8819517003351952	rdfs:label	rdfs:label	oceanic crust	.
gold.vocab:Alpine	Alpine	gold.path:Environmental	owl:equivalentClass	ENVO:01000340	alpine	entity	Lexical	gold.vocab	ENVO	rdf_matcher	0.8819512296304601	rdfs:label	rdfs:label	alpine	.
gold.vocab:Boreal-forest	Boreal forest	gold.path:Environmental	owl:equivalentClass	ENVO:01000250	subpolar coniferous forest biome	entity	Lexical	gold.vocab	ENVO	rdf_matcher	0.61906651921744	rdfs:label	oio:hasNarrowSynonym	boreal forest	.
gold.vocab:Asphalt-lakes	Asphalt lakes	gold.path:Engineered	owl:equivalentClass	ENVO:00000165	asphalt lake	entity	Lexical|Stemming	gold.vocab	ENVO	rdf_matcher	0.7252370177147688	rdfs:label	rdfs:label	asphalt lak	.
gold.vocab:Whale-fall	Whale fall	gold.path:Environmental	owl:equivalentClass	ENVO:01000140	whale fall	ENVO	Lexical	gold.vocab	ENVO	rdf_matcher	0.8818648179642522	rdfs:label	rdfs:label	whale fall	.
gold.vocab:Water-well	Water well	gold.path:Environmental	owl:equivalentClass	ENVO:01000002	water well	entity	Lexical	gold.vocab	ENVO	rdf_matcher	0.8818611802815521	rdfs:label	rdfs:label	water well	.
gold.vocab:Hydrocarbon	Hydrocarbon	gold.path:Engineered	owl:equivalentClass	CHEBI:24632	hydrocarbon	entity	Lexical	gold.vocab	CHEBI	rdf_matcher	0.7887291718680178	rdfs:label	rdfs:label	hydrocarbon	.
gold.vocab:Photic-zone	Photic zone	gold.path:Environmental	owl:equivalentClass	ENVO:00000209	marine photic zone	entity	Lexical|Flattening	gold.vocab	ENVO	rdf_matcher	0.6967931885470351	rdfs:label	oio:hasExactSynonym	photiczone	.
gold.vocab:Rhizoid	Rhizoid	gold.path:Host-associated	owl:equivalentClass	PO:0030078	rhizoid	plant_anatomy	Lexical	gold.vocab	PO	rdf_matcher	0.9372529040223212	rdfs:label	rdfs:label	rhizoid	.
gold.vocab:Dust	Dust	gold.path:Engineered	owl:equivalentClass	ENVO:00002008	dust	entity	Lexical	gold.vocab	ENVO	rdf_matcher	0.7887708341046773	rdfs:label	rdfs:label	dust	.
gold.vocab:Oil	Oil	gold.path:Environmental	owl:equivalentClass	ENVO:00002985	oil	entity	Lexical	gold.vocab	ENVO	rdf_matcher	0.7887397954960175	rdfs:label	rdfs:label	oil	.
gold.vocab:Membrane-bioreactor	Membrane bioreactor	gold.path:Engineered	owl:equivalentClass	ENVO:03600010	membrane bioreactor	entity	Lexical	gold.vocab	ENVO	rdf_matcher	0.7887285758694443	rdfs:label	rdfs:label	membrane bioreactor	.
gold.vocab:Pollen	Pollen	gold.path:Host-associated	owl:equivalentClass	PO:0025281	pollen	plant_anatomy	Lexical	gold.vocab	PO	rdf_matcher	0.9372402715105668	rdfs:label	rdfs:label	pollen	.
gold.vocab:Drinking-water-treatment-plant	Drinking water treatment plant	gold.path:Engineered	owl:equivalentClass	ENVO:03600004	drinking water treatment plant	entity	Lexical	gold.vocab	ENVO	rdf_matcher	0.7887334737864548	rdfs:label	rdfs:label	drinking water treatment plant	.
gold.vocab:Saline-water	Saline water	gold.path:Environmental	owl:equivalentClass	ENVO:00002010	saline water	entity	Lexical	gold.vocab	ENVO	rdf_matcher	0.8819441979447379	rdfs:label	rdfs:label	saline water	.
gold.vocab:Peritoneal-fluid	Peritoneal fluid	gold.path:Host-associated	owl:equivalentClass	UBERON:0001268	peritoneal fluid	uberon	Lexical	gold.vocab	UBERON	rdf_matcher	0.9372514583122296	rdfs:label	rdfs:label	peritoneal fluid	.
gold.vocab:Irrigation-canal	Irrigation canal	gold.path:Engineered	owl:equivalentClass	ENVO:00000036	irrigation canal	ENVO	Lexical	gold.vocab	ENVO	rdf_matcher	0.7887571719223723	rdfs:label	rdfs:label	irrigation canal	.
gold.vocab:Canal	Canal	gold.path:Engineered	owl:equivalentClass	ENVO:00000014	canal	ENVO	Lexical	gold.vocab	ENVO	rdf_matcher	0.7887466781099095	rdfs:label	rdfs:label	canal	.
gold.vocab:Abyssal-plane	Abyssal plane	gold.path:Environmental	owl:equivalentClass	ENVO:00000244	abyssal plain	ENVO	Lexical	gold.vocab	ENVO	rdf_matcher	0.866705906865809	oio:hasExactSynonym	rdfs:label	abyssal plain	.
gold.vocab:Meadow	Meadow	gold.path:Environmental	owl:equivalentClass	ENVO:00000108	meadow ecosystem	entity	Lexical	gold.vocab	ENVO	rdf_matcher	0.8666481946430769	rdfs:label	oio:hasExactSynonym	meadow	.
gold.vocab:Beetle	Beetle	gold.path:Host-associated	owl:equivalentClass	NCBITaxon:7041	Coleoptera	ncbi_taxonomy	Lexical|Stemming	gold.vocab	NCBITaxon	rdf_matcher	0.9019022614865786	rdfs:label	oio:hasExactSynonym	beetl	.
gold.vocab:Shrubland	Shrubland	gold.path:Environmental	owl:equivalentClass	ENVO:00000300	scrubland area	entity	Lexical	gold.vocab	ENVO	rdf_matcher	0.4482258141235146	rdfs:label	oio:hasRelatedSynonym	shrubland	.
gold.vocab:Coal-mine	Coal mine	gold.path:Engineered	owl:equivalentClass	ENVO:00002169	coal mine	ENVO	Lexical	gold.vocab	ENVO	rdf_matcher	0.7887116133074288	rdfs:label	rdfs:label	coal mine	.
gold.vocab:Oceanic	Oceanic	gold.path:Environmental	owl:equivalentClass	ENVO:00000015	ocean	entity	Lexical|Stemming	gold.vocab	ENVO	rdf_matcher	0.8407361894449935	rdfs:label	rdfs:label	ocean	.
gold.vocab:Dental-plaque	Dental plaque	gold.path:Host-associated	owl:equivalentClass	UBERON:0016482	dental plaque	uberon	Lexical	gold.vocab	UBERON	rdf_matcher	0.9372929943393068	rdfs:label	rdfs:label	dental plaque	.
gold.vocab:Fly	Fly	gold.path:Host-associated	owl:equivalentClass	FOODON:00002717	fly	entity	Lexical	gold.vocab	FOODON	rdf_matcher	0.6511024376957268	rdfs:label	rdfs:label	fly	.
gold.vocab:Mire	Mire	gold.path:Environmental	owl:equivalentClass	ENVO:01001209	wetland ecosystem	entity	Lexical	gold.vocab	ENVO	rdf_matcher	0.619024729999401	rdfs:label	oio:hasNarrowSynonym	mire	.
gold.vocab:Agricultural-land	Agricultural land	gold.path:Environmental	owl:equivalentClass	ENVO:00000077	agricultural ecosystem	entity	Lexical	gold.vocab	ENVO	rdf_matcher	0.4482780443263605	rdfs:label	oio:hasRelatedSynonym	agricultural land	.
gold.vocab:Benzene	Benzene	gold.path:Engineered	owl:equivalentClass	CHEBI:16716	benzene	entity	Lexical	gold.vocab	CHEBI	rdf_matcher	0.7887093544876393	rdfs:label	rdfs:label	benzene	.
gold.vocab:Oil-well	Oil well	gold.path:Environmental	owl:equivalentClass	ENVO:01000003	oil well	entity	Lexical	gold.vocab	ENVO	rdf_matcher	0.8819408129956805	rdfs:label	rdfs:label	oil well	.
gold.vocab:Forest-Soil	Forest Soil	gold.path:Environmental	owl:equivalentClass	ENVO:00002261	forest soil	entity	Lexical	gold.vocab	ENVO	rdf_matcher	0.8819285753672074	rdfs:label	rdfs:label	forest soil	.
gold.vocab:Orchard-soil	Orchard soil	gold.path:Environmental	owl:equivalentClass	ENVO:00005772	orchard soil	entity	Lexical	gold.vocab	ENVO	rdf_matcher	0.8818924633102169	rdfs:label	rdfs:label	orchard soil	.
gold.vocab:Formation-fluid	Formation fluid	gold.path:Environmental	owl:equivalentClass	ENVO:03600007	formation fluid	entity	Lexical	gold.vocab	ENVO	rdf_matcher	0.8818626248143987	rdfs:label	rdfs:label	formation fluid	.
gold.vocab:Colon	Colon	gold.path:Host-associated	owl:equivalentClass	UBERON:0001155	colon	uberon	Lexical	gold.vocab	UBERON	rdf_matcher	0.9372756686228916	rdfs:label	rdfs:label	colon	.
gold.vocab:River%27s-source/headwaters	River's source/headwaters	gold.path:Environmental	owl:equivalentClass	ENVO:00000153	headwater	entity	Lexical	gold.vocab	ENVO	rdf_matcher	0.8666757453882615	oio:hasExactSynonym	rdfs:label	headwater	.
gold.vocab:Mites/Ticks	Mites/Ticks	gold.path:Host-associated	owl:equivalentClass	NCBITaxon:6933	Acari	ncbi_taxonomy	Lexical|Flattening	gold.vocab	NCBITaxon	rdf_matcher	0.6968217962156333	rdfs:label	oio:hasRelatedSynonym	mitesticks	.
gold.vocab:Bulb	Bulb	gold.path:Host-associated	owl:equivalentClass	PO:0025356	bulb	plant_anatomy	Lexical	gold.vocab	PO	rdf_matcher	0.9372684573305144	rdfs:label	rdfs:label	bulb	.
gold.vocab:Paddy-field/soil	Paddy field/soil	gold.path:Environmental	owl:equivalentClass	ENVO:00005740	paddy field soil	ENVO	Lexical|Flattening	gold.vocab	ENVO	rdf_matcher	0.7252049496829804	rdfs:label	rdfs:label	fieldpaddysoil	.
gold.vocab:Bone	Bone	gold.path:Host-associated	owl:equivalentClass	UBERON:0001474	bone element	uberon	Lexical	gold.vocab	UBERON	rdf_matcher	0.9286018906515768	rdfs:label	oio:hasExactSynonym	bone	.
gold.vocab:Hot-%2842-90C%29	Hot (42-90C)	gold.path:Environmental	owl:equivalentClass	PATO:0001305	increased temperature	quality	Lexical	gold.vocab	PATO	rdf_matcher	0.585829189150842	oio:hasExactSynonym	oio:hasExactSynonym	hot	.
gold.vocab:Descending-colon	Descending colon	gold.path:Host-associated	owl:equivalentClass	UBERON:0001158	descending colon	uberon	Lexical	gold.vocab	UBERON	rdf_matcher	0.9372472560567302	rdfs:label	rdfs:label	descending colon	.
gold.vocab:Hair	Hair	gold.path:Host-associated	owl:equivalentClass	UBERON:0001037	strand of hair	uberon	Lexical	gold.vocab	UBERON	rdf_matcher	0.928645327895634	rdfs:label	oio:hasExactSynonym	hair	.
gold.vocab:Gallbladder	Gallbladder	gold.path:Host-associated	owl:equivalentClass	UBERON:0002110	gall bladder	uberon	Lexical	gold.vocab	UBERON	rdf_matcher	0.9286475146494186	rdfs:label	oio:hasExactSynonym	gallbladder	.
gold.vocab:Thermal-springs	Thermal springs	gold.path:Engineered	owl:equivalentClass	ENVO:00000051	hot spring	entity	Lexical|Stemming	gold.vocab	ENVO	rdf_matcher	0.6967355627791173	rdfs:label	oio:hasExactSynonym	thermal spr	.
gold.vocab:Grasslands	Grasslands	gold.path:Environmental	owl:equivalentClass	ENVO:01001206	grassland ecosystem	entity	Lexical|Stemming	gold.vocab	ENVO	rdf_matcher	0.8213041123263142	rdfs:label	oio:hasExactSynonym	grassland	.
gold.vocab:Environmental	Environmental	gold.path:Environmental	owl:equivalentClass	gold.path:3964	Environmental	Environmental	Lexical	gold.vocab	gold.path	rdf_matcher	0.7886899832133552	rdfs:label	rdfs:label	environmental	.
gold.vocab:Aquatic	Aquatic	gold.path:Environmental	owl:equivalentClass	ENVO:00002030	aquatic biome	entity	Lexical	gold.vocab	ENVO	rdf_matcher	0.8666373559448356	oio:hasExactSynonym	rdfs:label	aquatic biome	.
gold.vocab:Mosquito	Mosquito	gold.path:Host-associated	owl:equivalentClass	NCBITaxon:7157	Culicidae	ncbi_taxonomy	Lexical|Stemming	gold.vocab	NCBITaxon	rdf_matcher	0.9018953582502626	rdfs:label	oio:hasExactSynonym	mosquito	.
gold.vocab:Ileum	Ileum	gold.path:Host-associated	owl:equivalentClass	UBERON:0002116	ileum	uberon	Lexical	gold.vocab	UBERON	rdf_matcher	0.9372448866118196	rdfs:label	rdfs:label	ileum	.
gold.vocab:Tooth	Tooth	gold.path:Host-associated	owl:equivalentClass	UBERON:0001091	calcareous tooth	uberon	Lexical	gold.vocab	UBERON	rdf_matcher	0.9285826312456736	rdfs:label	oio:hasExactSynonym	tooth	.
gold.vocab:Permafrost	Permafrost	gold.path:Environmental	owl:equivalentClass	ENVO:00000134	permafrost	entity	Lexical	gold.vocab	ENVO	rdf_matcher	0.881922405831357	rdfs:label	rdfs:label	permafrost	.
gold.vocab:Agricultural-field	Agricultural field	gold.path:Environmental	owl:equivalentClass	ENVO:00000114	agricultural field	entity	Lexical	gold.vocab	ENVO	rdf_matcher	0.8819217597434152	rdfs:label	rdfs:label	agricultural field	.
gold.vocab:Bile	Bile	gold.path:Host-associated	owl:equivalentClass	UBERON:0001970	bile	uberon	Lexical	gold.vocab	UBERON	rdf_matcher	0.9372969794242614	rdfs:label	rdfs:label	bile	.
gold.vocab:Duodenum	Duodenum	gold.path:Host-associated	owl:equivalentClass	UBERON:0002114	duodenum	uberon	Lexical	gold.vocab	UBERON	rdf_matcher	0.937249853709768	rdfs:label	rdfs:label	duodenum	.
gold.vocab:Anaerobic	Anaerobic	gold.path:Engineered	owl:equivalentClass	PATO:0001456	anaerobic	quality	Lexical	gold.vocab	PATO	rdf_matcher	0.7887226052455304	rdfs:label	rdfs:label	anaerobic	.
gold.vocab:Bioreactor	Bioreactor	gold.path:Engineered	owl:equivalentClass	ENVO:00002123	bioreactor	entity	Lexical	gold.vocab	ENVO	rdf_matcher	0.7886999922049511	rdfs:label	rdfs:label	bioreactor	.
gold.vocab:Fumaroles	Fumaroles	gold.path:Environmental	owl:equivalentClass	ENVO:00000216	fumarole	ENVO	Lexical|Stemming	gold.vocab	ENVO	rdf_matcher	0.8407280689973451	rdfs:label	rdfs:label	fumarol	.
gold.vocab:Acidic	Acidic	gold.path:Environmental	owl:equivalentClass	PATO:0001429	acidic	quality	Lexical	gold.vocab	PATO	rdf_matcher	0.7886958196187545	rdfs:label	rdfs:label	acidic	.
gold.vocab:Prostate	Prostate	gold.path:Host-associated	owl:equivalentClass	UBERON:0002367	prostate gland	uberon	Lexical	gold.vocab	UBERON	rdf_matcher	0.9286201995372751	rdfs:label	oio:hasExactSynonym	prostate	.
gold.vocab:Soybean-paste	Soybean paste	gold.path:Engineered	owl:equivalentClass	FOODON:03310002	soybean paste	entity	Lexical	gold.vocab	FOODON	rdf_matcher	0.7887133355123808	rdfs:label	rdfs:label	soybean paste	.
gold.vocab:Desert	Desert	gold.path:Environmental	owl:equivalentClass	ENVO:01001357	desert	entity	Lexical	gold.vocab	ENVO	rdf_matcher	0.8818613512294398	rdfs:label	rdfs:label	desert	.
gold.vocab:Sand	Sand	gold.path:Environmental	owl:equivalentClass	ENVO:01000017	sand	ENVO	Lexical	gold.vocab	ENVO	rdf_matcher	0.8818804307819784	rdfs:label	rdfs:label	sand	.
gold.vocab:Coal	Coal	gold.path:Engineered	owl:equivalentClass	ENVO:02000091	coal	entity	Lexical	gold.vocab	ENVO	rdf_matcher	0.788712430464942	rdfs:label	rdfs:label	coal	.
gold.vocab:Engineered	Engineered	gold.path:Engineered	owl:equivalentClass	gold.path:4292	Engineered	Engineered	Lexical	gold.vocab	gold.path	rdf_matcher	0.7887502851926662	rdfs:label	rdfs:label	engineered	.
gold.vocab:Inlet	Inlet	gold.path:Environmental	owl:equivalentClass	ENVO:00000475	inlet	entity	Lexical	gold.vocab	ENVO	rdf_matcher	0.8819238092330302	rdfs:label	rdfs:label	inlet	.
gold.vocab:Anoxic-zone	Anoxic zone	gold.path:Environmental	owl:equivalentClass	ENVO:01000173	anoxic water	entity	Lexical	gold.vocab	ENVO	rdf_matcher	0.866631724425217	oio:hasExactSynonym	rdfs:label	anoxic water	.
gold.vocab:Seeds	Seeds	gold.path:Host-associated	owl:equivalentClass	PO:0009010	seed	plant_anatomy	Lexical|Stemming	gold.vocab	PO	rdf_matcher	0.913555896415701	rdfs:label	rdfs:label	seed	.
gold.vocab:Hypersaline	Hypersaline	gold.path:Environmental	owl:equivalentClass	ENVO:00002012	hypersaline water	entity	Lexical	gold.vocab	ENVO	rdf_matcher	0.8666773662996172	oio:hasExactSynonym	rdfs:label	hypersaline water	.
gold.vocab:Ocean-trench	Ocean trench	gold.path:Environmental	owl:equivalentClass	ENVO:00000275	ocean trench	ENVO	Lexical	gold.vocab	ENVO	rdf_matcher	0.8818706971595299	rdfs:label	rdfs:label	ocean trench	.
gold.vocab:Bark	Bark	gold.path:Host-associated	owl:equivalentClass	PO:0004518	bark	plant_anatomy	Lexical	gold.vocab	PO	rdf_matcher	0.9372423797690176	rdfs:label	rdfs:label	bark	.
gold.vocab:Rectum	Rectum	gold.path:Host-associated	owl:equivalentClass	UBERON:0001052	rectum	uberon	Lexical	gold.vocab	UBERON	rdf_matcher	0.9372979780908028	rdfs:label	rdfs:label	rectum	.
gold.vocab:Sputum	Sputum	gold.path:Host-associated	owl:equivalentClass	UBERON:0007311	sputum	uberon	Lexical	gold.vocab	UBERON	rdf_matcher	0.9373093569167094	rdfs:label	rdfs:label	sputum	.
gold.vocab:Peat	Peat	gold.path:Environmental	owl:equivalentClass	ENVO:00005774	peat soil	entity	Lexical	gold.vocab	ENVO	rdf_matcher	0.4482574922209952	rdfs:label	oio:hasRelatedSynonym	peat	.
gold.vocab:Bivalves	Bivalves	gold.path:Host-associated	owl:equivalentClass	NCBITaxon:6544	Bivalvia	ncbi_taxonomy	Lexical	gold.vocab	NCBITaxon	rdf_matcher	0.9285606616220716	rdfs:label	oio:hasExactSynonym	bivalves	.
gold.vocab:Thalassic	Thalassic	gold.path:Environmental	owl:equivalentClass	ENVO:01001667	thalassic	entity	Lexical	gold.vocab	ENVO	rdf_matcher	0.881921103497457	rdfs:label	rdfs:label	thalassic	.
gold.vocab:Tar	Tar	gold.path:Engineered	owl:equivalentClass	OBI:0000326	tar	data format specification	Lexical	gold.vocab	OBI	rdf_matcher	0.6511018059776111	rdfs:label	rdfs:label	tar	.
gold.vocab:Pleural-fluid	Pleural fluid	gold.path:Host-associated	owl:equivalentClass	UBERON:0001087	pleural fluid	uberon	Lexical	gold.vocab	UBERON	rdf_matcher	0.937279852409632	rdfs:label	rdfs:label	pleural fluid	.
gold.vocab:Oil-palm	Oil palm	gold.path:Engineered	owl:equivalentClass	FOODON:03310232	palm oil	entity	Lexical|Flattening	gold.vocab	FOODON	rdf_matcher	0.5688844467857314	rdfs:label	rdfs:label	oilpalm	.
gold.vocab:Oil-reservoir	Oil reservoir	gold.path:Environmental	owl:equivalentClass	ENVO:00002185	oil reservoir	ENVO	Lexical	gold.vocab	ENVO	rdf_matcher	0.8819387265537988	rdfs:label	rdfs:label	oil reservoir	.
gold.vocab:Epilimnion	Epilimnion	gold.path:Environmental	owl:equivalentClass	ENVO:00002131	epilimnion	entity	Lexical	gold.vocab	ENVO	rdf_matcher	0.8818598477960627	rdfs:label	rdfs:label	epilimnion	.
gold.vocab:Marsh	Marsh	gold.path:Environmental	owl:equivalentClass	ENVO:00000035	marsh	entity	Lexical	gold.vocab	ENVO	rdf_matcher	0.8819183708721081	rdfs:label	rdfs:label	marsh	.
gold.vocab:Sea-ice	Sea ice	gold.path:Environmental	owl:equivalentClass	ENVO:00002200	sea ice	entity	Lexical	gold.vocab	ENVO	rdf_matcher	0.8819432998567479	rdfs:label	rdfs:label	sea ice	.
gold.vocab:Fracking-water	Fracking water	gold.path:Environmental	owl:equivalentClass	ENVO:01001869	fracking liquid	entity	Lexical	gold.vocab	ENVO	rdf_matcher	0.618998374998226	rdfs:label	oio:hasNarrowSynonym	fracking water	.
gold.vocab:Liver	Liver	gold.path:Host-associated	owl:equivalentClass	UBERON:0002107	liver	uberon	Lexical	gold.vocab	UBERON	rdf_matcher	0.9372585514682794	rdfs:label	rdfs:label	liver	.
gold.vocab:Plant-litter	Plant litter	gold.path:Environmental	owl:equivalentClass	ENVO:01000628	plant litter	entity	Lexical	gold.vocab	ENVO	rdf_matcher	0.8819091821668154	rdfs:label	rdfs:label	plant litter	.
gold.vocab:Storm-water	Storm water	gold.path:Environmental	owl:equivalentClass	ENVO:01001267	stormwater	entity	Lexical	gold.vocab	ENVO	rdf_matcher	0.8667179863656265	rdfs:label	oio:hasExactSynonym	storm water	.
gold.vocab:Mud-volcano	Mud volcano	gold.path:Environmental	owl:equivalentClass	ENVO:00000402	mud volcano	entity	Lexical	gold.vocab	ENVO	rdf_matcher	0.8818988820227119	rdfs:label	rdfs:label	mud volcano	.
gold.vocab:Urinary-bladder	Urinary bladder	gold.path:Host-associated	owl:equivalentClass	UBERON:0001255	urinary bladder	uberon	Lexical	gold.vocab	UBERON	rdf_matcher	0.9372686653402832	rdfs:label	rdfs:label	urinary bladder	.
gold.vocab:Bog	Bog	gold.path:Environmental	owl:equivalentClass	ENVO:01001209	wetland ecosystem	entity	Lexical	gold.vocab	ENVO	rdf_matcher	0.4482373820309936	rdfs:label	oio:hasNarrowSynonym	bog	.
gold.vocab:Sediment	Sediment	gold.path:Engineered	owl:equivalentClass	ENVO:00002007	sediment	entity	Lexical	gold.vocab	ENVO	rdf_matcher	0.78868633467621	rdfs:label	rdfs:label	sediment	.
gold.vocab:Lake	Lake	gold.path:Environmental	owl:equivalentClass	ENVO:00000020	lake	entity	Lexical	gold.vocab	ENVO	rdf_matcher	0.8819190395640698	rdfs:label	rdfs:label	lake	.
gold.vocab:Strait	Strait	gold.path:Environmental	owl:equivalentClass	ENVO:00000394	strait	ENVO	Lexical	gold.vocab	ENVO	rdf_matcher	0.8819462703843376	rdfs:label	rdfs:label	strait	.
gold.vocab:Littoral-zone	Littoral zone	gold.path:Environmental	owl:equivalentClass	ENVO:01000407	littoral zone	entity	Lexical	gold.vocab	ENVO	rdf_matcher	0.8818689699516209	rdfs:label	rdfs:label	littoral zone	.
gold.vocab:Heart	Heart	gold.path:Host-associated	owl:equivalentClass	UBERON:0000948	heart	uberon	Lexical	gold.vocab	UBERON	rdf_matcher	0.9372739834992976	rdfs:label	rdfs:label	heart	.
gold.vocab:Carbonate	Carbonate	gold.path:Environmental	owl:equivalentClass	CHEBI:41609	carbonate	entity	Lexical	gold.vocab	CHEBI	rdf_matcher	0.7887206060046936	rdfs:label	rdfs:label	carbonate	.
gold.vocab:Swamp	Swamp	gold.path:Environmental	owl:equivalentClass	ENVO:00000233	swamp ecosystem	entity	Lexical	gold.vocab	ENVO	rdf_matcher	0.8667309239042157	rdfs:label	oio:hasExactSynonym	swamp	.
gold.vocab:Brine	Brine	gold.path:Environmental	owl:equivalentClass	ENVO:00003044	brine	entity	Lexical	gold.vocab	ENVO	rdf_matcher	0.8818711371574844	rdfs:label	rdfs:label	brine	.
gold.vocab:Alkaline	Alkaline	gold.path:Environmental	owl:equivalentClass	PATO:0001430	alkaline	quality	Lexical	gold.vocab	PATO	rdf_matcher	0.7887347536766592	rdfs:label	rdfs:label	alkaline	.
gold.vocab:Palm-oil	Palm oil	gold.path:Engineered	owl:equivalentClass	FOODON:03310232	palm oil	entity	Lexical	gold.vocab	FOODON	rdf_matcher	0.7886839947497123	rdfs:label	rdfs:label	palm oil	.
gold.vocab:Udder	Udder	gold.path:Host-associated	owl:equivalentClass	UBERON:0013216	udder	uberon	Lexical	gold.vocab	UBERON	rdf_matcher	0.9372770748510796	rdfs:label	rdfs:label	udder	.
gold.vocab:Whole-body	Whole body	gold.path:Host-associated	owl:equivalentClass	UBERON:0000468	multicellular organism	uberon	Lexical	gold.vocab	UBERON	rdf_matcher	0.8667190171998206	rdfs:label	oio:hasRelatedSynonym	whole body	.
gold.vocab:Microbial-mats	Microbial mats	gold.path:Environmental	owl:equivalentClass	ENVO:01000008	microbial mat	ENVO	Lexical|Stemming	gold.vocab	ENVO	rdf_matcher	0.8407534619117776	rdfs:label	rdfs:label	microbial mat	.
gold.vocab:Pond	Pond	gold.path:Environmental	owl:equivalentClass	ENVO:00000033	pond	entity	Lexical	gold.vocab	ENVO	rdf_matcher	0.8819504021721842	rdfs:label	rdfs:label	pond	.
gold.vocab:Cervix	Cervix	gold.path:Host-associated	owl:equivalentClass	UBERON:0000002	uterine cervix	uberon	Lexical	gold.vocab	UBERON	rdf_matcher	0.7647237920424473	rdfs:label	oio:hasBroadSynonym	cervix	.
gold.vocab:Nose	Nose	gold.path:Host-associated	owl:equivalentClass	UBERON:0000004	nose	uberon	Lexical	gold.vocab	UBERON	rdf_matcher	0.9372414629415284	rdfs:label	rdfs:label	nose	.
gold.vocab:Lentic	Lentic	gold.path:Environmental	owl:equivalentClass	ENVO:01000617	lentic water body	entity	Lexical	gold.vocab	ENVO	rdf_matcher	0.8666636533206203	oio:hasExactSynonym	rdfs:label	lentic water body	.
gold.vocab:Ear	Ear	gold.path:Host-associated	owl:equivalentClass	UBERON:0001690	ear	uberon	Lexical	gold.vocab	UBERON	rdf_matcher	0.8819525407847332	rdfs:label	rdfs:label	ear	.
gold.vocab:Eye	Eye	gold.path:Host-associated	owl:equivalentClass	UBERON:0000970	eye	uberon	Lexical	gold.vocab	UBERON	rdf_matcher	0.8819414051948264	rdfs:label	rdfs:label	eye	.
gold.vocab:Hemolymph	Hemolymph	gold.path:Host-associated	owl:equivalentClass	UBERON:0001011	hemolymph	uberon	Lexical	gold.vocab	UBERON	rdf_matcher	0.93729487427506	rdfs:label	rdfs:label	hemolymph	.
gold.vocab:River	River	gold.path:Engineered	owl:equivalentClass	ENVO:00000022	river	entity	Lexical	gold.vocab	ENVO	rdf_matcher	0.7887534774790471	rdfs:label	rdfs:label	river	.
gold.vocab:Trachea	Trachea	gold.path:Host-associated	owl:equivalentClass	UBERON:0003126	trachea	uberon	Lexical	gold.vocab	UBERON	rdf_matcher	0.9372494159474034	rdfs:label	rdfs:label	trachea	.
gold.vocab:Shrimp-pond	Shrimp pond	gold.path:Environmental	owl:equivalentClass	ENVO:01000905	shrimp pond	entity	Lexical	gold.vocab	ENVO	rdf_matcher	0.8818581131675397	rdfs:label	rdfs:label	shrimp pond	.
gold.vocab:Hypolimnion	Hypolimnion	gold.path:Environmental	owl:equivalentClass	ENVO:00002130	hypolimnion	entity	Lexical	gold.vocab	ENVO	rdf_matcher	0.8818687552016655	rdfs:label	rdfs:label	hypolimnion	.
gold.vocab:Intertidal-sediment	Intertidal sediment	gold.path:Engineered	owl:equivalentClass	ENVO:00002179	intertidal sediment	ENVO	Lexical	gold.vocab	ENVO	rdf_matcher	0.7886914262831939	rdfs:label	rdfs:label	intertidal sediment	.
gold.vocab:Uterus	Uterus	gold.path:Host-associated	owl:equivalentClass	UBERON:0000995	uterus	uberon	Lexical	gold.vocab	UBERON	rdf_matcher	0.9372800354737796	rdfs:label	rdfs:label	uterus	.
gold.vocab:Saline	Saline	gold.path:Environmental	owl:equivalentClass	PATO:0085001	salinity	quality	Lexical|Stemming	gold.vocab	PATO	rdf_matcher	0.7252590986551762	rdfs:label	rdfs:label	salin	.
gold.vocab:Creek	Creek	gold.path:Environmental	owl:equivalentClass	ENVO:00000023	stream	entity	Lexical	gold.vocab	ENVO	rdf_matcher	0.4482778263414625	rdfs:label	oio:hasRelatedSynonym	creek	.
gold.vocab:Lymph-node	Lymph node	gold.path:Host-associated	owl:equivalentClass	UBERON:0000029	lymph node	uberon	Lexical	gold.vocab	UBERON	rdf_matcher	0.9372486273337118	rdfs:label	rdfs:label	lymph node	.
gold.vocab:Algae	Algae	gold.path:Host-associated	owl:equivalentClass	NCBITaxon:2864	Dinophyceae	ncbi_taxonomy	Lexical	gold.vocab	NCBITaxon	rdf_matcher	0.8667249489997957	rdfs:label	oio:hasRelatedSynonym	algae	.
gold.vocab:Roots	Roots	gold.path:Host-associated	owl:equivalentClass	PO:0009005	root	plant_anatomy	Lexical|Stemming	gold.vocab	PO	rdf_matcher	0.91356000977032	rdfs:label	rdfs:label	root	.
gold.vocab:Wood-fall	Wood fall	gold.path:Environmental	owl:equivalentClass	ENVO:01000142	wood fall	ENVO	Lexical	gold.vocab	ENVO	rdf_matcher	0.8819219148056213	rdfs:label	rdfs:label	wood fall	.
gold.vocab:Oomycetes	Oomycetes	gold.path:Host-associated	owl:equivalentClass	NCBITaxon:4762	Oomycota	ncbi_taxonomy	Lexical	gold.vocab	NCBITaxon	rdf_matcher	0.8666877710435038	rdfs:label	oio:hasRelatedSynonym	oomycetes	.
gold.vocab:Cooling-water	Cooling water	gold.path:Engineered	owl:equivalentClass	ENVO:03600002	cooling water	entity	Lexical	gold.vocab	ENVO	rdf_matcher	0.7887055360460041	rdfs:label	rdfs:label	cooling water	.
gold.vocab:Green-algae	Green algae	gold.path:Host-associated	owl:equivalentClass	NCBITaxon:3041	Chlorophyta	ncbi_taxonomy	Lexical	gold.vocab	NCBITaxon	rdf_matcher	0.928577446806595	rdfs:label	oio:hasExactSynonym	green algae	.
gold.vocab:Tailings-pond	Tailings pond	gold.path:Engineered	owl:equivalentClass	ENVO:03600021	tailings pond	entity	Lexical	gold.vocab	ENVO	rdf_matcher	0.7887018041508798	rdfs:label	rdfs:label	tailings pond	.
gold.vocab:Tap-water	Tap water	gold.path:Environmental	owl:equivalentClass	ENVO:00003096	tap water	ENVO	Lexical	gold.vocab	ENVO	rdf_matcher	0.8818689376453795	rdfs:label	rdfs:label	tap water	.
gold.vocab:Mine-drainage	Mine drainage	gold.path:Environmental	owl:equivalentClass	ENVO:00001996	mine drainage	ENVO	Lexical	gold.vocab	ENVO	rdf_matcher	0.8819076958491316	rdfs:label	rdfs:label	mine drainage	.
gold.vocab:Fjord	Fjord	gold.path:Environmental	owl:equivalentClass	ENVO:00000039	fjord	entity	Lexical	gold.vocab	ENVO	rdf_matcher	0.881924768031491	rdfs:label	rdfs:label	fjord	.
gold.vocab:Asbestos	Asbestos	gold.path:Environmental	owl:equivalentClass	CHEBI:46661	asbestos	entity	Lexical	gold.vocab	CHEBI	rdf_matcher	0.788694612381255	rdfs:label	rdfs:label	asbestos	.
gold.vocab:Rhizome	Rhizome	gold.path:Host-associated	owl:equivalentClass	PO:0004542	rhizome	plant_anatomy	Lexical	gold.vocab	PO	rdf_matcher	0.9372871811085712	rdfs:label	rdfs:label	rhizome	.
gold.vocab:Cave	Cave	gold.path:Environmental	owl:equivalentClass	ENVO:00000067	cave	entity	Lexical	gold.vocab	ENVO	rdf_matcher	0.881942877660321	rdfs:label	rdfs:label	cave	.
gold.vocab:Nodule	Nodule	gold.path:Host-associated	owl:equivalentClass	UBERON:0010754	germinal center	uberon	Lexical	gold.vocab	UBERON	rdf_matcher	0.8666514778919717	rdfs:label	oio:hasRelatedSynonym	nodule	.
gold.vocab:Acid-Mine-Drainage	Acid Mine Drainage	gold.path:Environmental	owl:equivalentClass	ENVO:00001997	acid mine drainage	ENVO	Lexical	gold.vocab	ENVO	rdf_matcher	0.8818938174096287	rdfs:label	rdfs:label	acid mine drainage	.
gold.vocab:Hypoxic-zone	Hypoxic zone	gold.path:Environmental	owl:equivalentClass	ENVO:01001064	hypoxic water	entity	Lexical	gold.vocab	ENVO	rdf_matcher	0.8666412556670415	oio:hasExactSynonym	rdfs:label	hypoxic water	.
gold.vocab:Methane	Methane	gold.path:Engineered	owl:equivalentClass	CHEBI:16183	methane	entity	Lexical	gold.vocab	CHEBI	rdf_matcher	0.7887339671516643	rdfs:label	rdfs:label	methane	.
gold.vocab:Red-algae	Red algae	gold.path:Host-associated	owl:equivalentClass	NCBITaxon:2763	Rhodophyta	ncbi_taxonomy	Lexical	gold.vocab	NCBITaxon	rdf_matcher	0.9286414773632712	rdfs:label	oio:hasExactSynonym	red algae	.
gold.vocab:Brown-Algae	Brown Algae	gold.path:Host-associated	owl:equivalentClass	NCBITaxon:2870	Phaeophyceae	ncbi_taxonomy	Lexical	gold.vocab	NCBITaxon	rdf_matcher	0.9286356248295736	rdfs:label	oio:hasExactSynonym	brown algae	.
gold.vocab:Algal-bloom	Algal bloom	gold.path:Environmental	owl:equivalentClass	ENVO:2000004	algal bloom	ENVO	Lexical	gold.vocab	ENVO	rdf_matcher	0.8819373319750499	rdfs:label	rdfs:label	algal bloom	.
gold.vocab:Groundwater	Groundwater	gold.path:Environmental	owl:equivalentClass	ENVO:01001004	groundwater	entity	Lexical	gold.vocab	ENVO	rdf_matcher	0.8819443213582511	rdfs:label	rdfs:label	groundwater	.
gold.vocab:Ceca	Ceca	gold.path:Host-associated	owl:equivalentClass	UBERON:0001153	caecum	uberon	Lexical	gold.vocab	UBERON	rdf_matcher	0.7646840765588746	rdfs:label	oio:hasNarrowSynonym	ceca	.
gold.vocab:Bagasse	Bagasse	gold.path:Engineered	owl:equivalentClass	ENVO:00002872	bagasse	entity	Lexical	gold.vocab	ENVO	rdf_matcher	0.7887192195203079	rdfs:label	rdfs:label	bagasse	.
gold.vocab:Axilla	Axilla	gold.path:Host-associated	owl:equivalentClass	UBERON:0009472	axilla	uberon	Lexical	gold.vocab	UBERON	rdf_matcher	0.9372354633830602	rdfs:label	rdfs:label	axilla	.
gold.vocab:Lumen	Lumen	gold.path:Host-associated	owl:equivalentClass	UBERON:0000464	anatomical space	uberon	Lexical	gold.vocab	UBERON	rdf_matcher	0.7647170955989915	rdfs:label	oio:hasBroadSynonym	lumen	.
gold.vocab:Serum	Serum	gold.path:Host-associated	owl:equivalentClass	UBERON:0001977	blood serum	uberon	Lexical	gold.vocab	UBERON	rdf_matcher	0.9286252645907422	rdfs:label	oio:hasExactSynonym	serum	.
gold.vocab:Feces	Feces	gold.path:Engineered	owl:equivalentClass	UBERON:0001988	feces	uberon	Lexical	gold.vocab	UBERON	rdf_matcher	0.7886853683743202	rdfs:label	rdfs:label	feces	.
gold.vocab:Lung	Lung	gold.path:Host-associated	owl:equivalentClass	UBERON:0002048	lung	uberon	Lexical	gold.vocab	UBERON	rdf_matcher	0.9372641916708028	rdfs:label	rdfs:label	lung	.
gold.vocab:Skin	Skin	gold.path:Host-associated	owl:equivalentClass	UBERON:0000014	zone of skin	uberon	Lexical	gold.vocab	UBERON	rdf_matcher	0.9286247135057228	rdfs:label	oio:hasExactSynonym	skin	.
gold.vocab:Urine	Urine	gold.path:Host-associated	owl:equivalentClass	UBERON:0001088	urine	uberon	Lexical	gold.vocab	UBERON	rdf_matcher	0.9372708778394988	rdfs:label	rdfs:label	urine	.
gold.vocab:Umbilicus	Umbilicus	gold.path:Host-associated	owl:equivalentClass	UBERON:0007118	umbilicus	uberon	Lexical	gold.vocab	UBERON	rdf_matcher	0.9372338517031042	rdfs:label	rdfs:label	umbilicus	.
gold.vocab:Sponge	Sponge	gold.path:Host-associated	owl:equivalentClass	NCBITaxon:6040	Porifera	ncbi_taxonomy	Lexical|Stemming	gold.vocab	NCBITaxon	rdf_matcher	0.9019266788797388	rdfs:label	oio:hasExactSynonym	spong	.
gold.vocab:Bathypelagic	Bathypelagic	gold.path:Environmental	owl:equivalentClass	ENVO:00000211	marine bathypelagic zone	entity	Lexical	gold.vocab	ENVO	rdf_matcher	0.8666842524618903	oio:hasExactSynonym	rdfs:label	marine bathypelagic zone	.
gold.vocab:Abyssopelagic	Abyssopelagic	gold.path:Environmental	owl:equivalentClass	ENVO:01000038	oceanic abyssopelagic zone biome	ENVO	Lexical	gold.vocab	ENVO	rdf_matcher	0.8666407016658334	oio:hasExactSynonym	rdfs:label	oceanic abyssopelagic zone biome	.
gold.vocab:Cerebrospinal-fluid	Cerebrospinal fluid	gold.path:Host-associated	owl:equivalentClass	UBERON:0001359	cerebrospinal fluid	uberon	Lexical	gold.vocab	UBERON	rdf_matcher	0.9372322831130504	rdfs:label	rdfs:label	cerebrospinal fluid	.
gold.vocab:Manure	Manure	gold.path:Engineered	owl:equivalentClass	ENVO:00003031	animal manure	entity	Lexical	gold.vocab	ENVO	rdf_matcher	0.7646782056725224	rdfs:label	oio:hasExactSynonym	manure	.
gold.vocab:Epidermal-mucus	Epidermal mucus	gold.path:Host-associated	owl:equivalentClass	UBERON:0010152	skin mucus	uberon	Lexical	gold.vocab	UBERON	rdf_matcher	0.8666461203569977	rdfs:label	oio:hasRelatedSynonym	epidermal mucus	.
gold.vocab:Ovaries	Ovaries	gold.path:Host-associated	owl:equivalentClass	UBERON:0000992	ovary	uberon	Lexical|Stemming	gold.vocab	UBERON	rdf_matcher	0.9134729579451576	rdfs:label	rdfs:label	ovari	.
gold.vocab:Epipelagic	Epipelagic	gold.path:Environmental	owl:equivalentClass	ENVO:01000035	oceanic epipelagic zone biome	ENVO	Lexical	gold.vocab	ENVO	rdf_matcher	0.8666693885685841	oio:hasExactSynonym	rdfs:label	oceanic epipelagic zone biome	.
gold.vocab:Digestive-tube	Digestive tube	gold.path:Host-associated	owl:equivalentClass	UBERON:0001555	digestive tract	uberon	Lexical	gold.vocab	UBERON	rdf_matcher	0.928603593960827	rdfs:label	oio:hasExactSynonym	digestive tube	.
gold.vocab:Marine-sediment	Marine sediment	gold.path:Engineered	owl:equivalentClass	ENVO:03000033	marine sediment	entity	Lexical	gold.vocab	ENVO	rdf_matcher	0.7887503107809872	rdfs:label	rdfs:label	marine sediment	.
gold.vocab:Mesopelagic	Mesopelagic	gold.path:Environmental	owl:equivalentClass	ENVO:00000213	marine mesopelagic zone	entity	Lexical	gold.vocab	ENVO	rdf_matcher	0.8667241100696286	oio:hasExactSynonym	rdfs:label	marine mesopelagic zone	.
gold.vocab:Sourdough	Sourdough	gold.path:Engineered	owl:equivalentClass	FOODON:03302481	sourdough bread	entity	Lexical	gold.vocab	FOODON	rdf_matcher	0.7646622181242159	rdfs:label	oio:hasExactSynonym	sourdough	.
gold.vocab:Crop	Crop	gold.path:Host-associated	owl:equivalentClass	UBERON:0007356	crop	uberon	Lexical	gold.vocab	UBERON	rdf_matcher	0.937302450796245	rdfs:label	rdfs:label	crop	.
gold.vocab:Naris	Naris	gold.path:Host-associated	owl:equivalentClass	UBERON:0000003	naris	uberon	Lexical	gold.vocab	UBERON	rdf_matcher	0.937288243716746	rdfs:label	rdfs:label	naris	.
gold.vocab:Gill	Gill	gold.path:Host-associated	owl:equivalentClass	UBERON:0002535	gill	uberon	Lexical	gold.vocab	UBERON	rdf_matcher	0.9372202661829236	rdfs:label	rdfs:label	gill	.
gold.vocab:Pharynx	Pharynx	gold.path:Host-associated	owl:equivalentClass	UBERON:0006562	pharynx	uberon	Lexical	gold.vocab	UBERON	rdf_matcher	0.9372230914401308	rdfs:label	rdfs:label	pharynx	.
gold.vocab:Lichen	Lichen	gold.path:Host-associated	owl:equivalentClass	FOODON:03412345	lichen	entity	Lexical	gold.vocab	FOODON	rdf_matcher	0.788747910204844	rdfs:label	rdfs:label	lichen	.
gold.vocab:Buccal-mucosa	Buccal mucosa	gold.path:Host-associated	owl:equivalentClass	UBERON:0006956	buccal mucosa	uberon	Lexical	gold.vocab	UBERON	rdf_matcher	0.9373072517590544	rdfs:label	rdfs:label	buccal mucosa	.
gold.vocab:Leachate	Leachate	gold.path:Engineered	owl:equivalentClass	ENVO:00002141	leachate	ENVO	Lexical	gold.vocab	ENVO	rdf_matcher	0.7887271460721422	rdfs:label	rdfs:label	leachate	.
gold.vocab:Throat	Throat	gold.path:Host-associated	owl:equivalentClass	UBERON:0000341	throat	uberon	Lexical	gold.vocab	UBERON	rdf_matcher	0.9372363573633876	rdfs:label	rdfs:label	throat	.
gold.vocab:Tissue	Tissue	gold.path:Host-associated	owl:equivalentClass	UBERON:0000479	tissue	uberon	Lexical	gold.vocab	UBERON	rdf_matcher	0.9372368858325408	rdfs:label	rdfs:label	tissue	.
gold.vocab:Penis	Penis	gold.path:Host-associated	owl:equivalentClass	UBERON:0000989	penis	uberon	Lexical	gold.vocab	UBERON	rdf_matcher	0.937259742522262	rdfs:label	rdfs:label	penis	.
gold.vocab:Subgingival-plaque	Subgingival plaque	gold.path:Host-associated	owl:equivalentClass	UBERON:0016484	subgingival dental plaque	uberon	Lexical	gold.vocab	UBERON	rdf_matcher	0.866693669885509	rdfs:label	oio:hasRelatedSynonym	subgingival plaque	.
gold.vocab:Ant	Ant	gold.path:Host-associated	owl:equivalentClass	NCBITaxon:36668	Formicidae	ncbi_taxonomy	Lexical|Stemming	gold.vocab	NCBITaxon	rdf_matcher	0.6967673920697126	rdfs:label	oio:hasRelatedSynonym	ant	.
gold.vocab:Petiole	Petiole	gold.path:Host-associated	owl:equivalentClass	PO:0020038	petiole	plant_anatomy	Lexical	gold.vocab	PO	rdf_matcher	0.937247052993332	rdfs:label	rdfs:label	petiole	.
gold.vocab:Harbor	Harbor	gold.path:Environmental	owl:equivalentClass	ENVO:00000463	harbor	entity	Lexical	gold.vocab	ENVO	rdf_matcher	0.8818978679059059	rdfs:label	rdfs:label	harbor	.
gold.vocab:anterior-nares	anterior nares	gold.path:Host-associated	owl:equivalentClass	UBERON:0005928	external naris	uberon	Lexical	gold.vocab	UBERON	rdf_matcher	0.8666621519511033	rdfs:label	oio:hasRelatedSynonym	anterior nares	.
gold.vocab:Oil-sludge	Oil sludge	gold.path:Engineered	owl:equivalentClass	ENVO:00002060	oil sludge	ENVO	Lexical	gold.vocab	ENVO	rdf_matcher	0.7887384739364905	rdfs:label	rdfs:label	oil sludge	.
gold.vocab:Plasma	Plasma	gold.path:Host-associated	owl:equivalentClass	ENVO:01000798	plasma	entity	Lexical	gold.vocab	ENVO	rdf_matcher	0.7887597495030063	rdfs:label	rdfs:label	plasma	.
gold.vocab:Interstitial-water	Interstitial water	gold.path:Engineered	owl:equivalentClass	ENVO:03600009	interstitial water	entity	Lexical	gold.vocab	ENVO	rdf_matcher	0.7887480708520901	rdfs:label	rdfs:label	interstitial water	.
gold.vocab:Bulk-soil	Bulk soil	gold.path:Engineered	owl:equivalentClass	ENVO:00005802	bulk soil	ENVO	Lexical	gold.vocab	ENVO	rdf_matcher	0.7887306279660484	rdfs:label	rdfs:label	bulk soil	.
gold.vocab:Sigmoid-colon	Sigmoid colon	gold.path:Host-associated	owl:equivalentClass	UBERON:0001159	sigmoid colon	uberon	Lexical	gold.vocab	UBERON	rdf_matcher	0.9372263453764584	rdfs:label	rdfs:label	sigmoid colon	.
gold.vocab:Bone-marrow	Bone marrow	gold.path:Host-associated	owl:equivalentClass	UBERON:0002371	bone marrow	uberon	Lexical	gold.vocab	UBERON	rdf_matcher	0.937306246148165	rdfs:label	rdfs:label	bone marrow	.
gold.vocab:posterior-fornix	posterior fornix	gold.path:Host-associated	owl:equivalentClass	UBERON:0016486	posterior fornix of vagina	uberon	Lexical	gold.vocab	UBERON	rdf_matcher	0.764737811122349	rdfs:label	oio:hasBroadSynonym	posterior fornix	.
gold.vocab:Currency-notes	Currency notes	gold.path:Engineered	owl:equivalentClass	ENVO:00003896	currency note	ENVO	Lexical|Stemming	gold.vocab	ENVO	rdf_matcher	0.7252721906461036	rdfs:label	rdfs:label	currency not	.
gold.vocab:Ethmoid	Ethmoid	gold.path:Host-associated	owl:equivalentClass	UBERON:0001679	ethmoid bone	uberon	Lexical	gold.vocab	UBERON	rdf_matcher	0.9285958560419724	rdfs:label	oio:hasExactSynonym	ethmoid	.
gold.vocab:City	City	gold.path:Engineered	owl:equivalentClass	ENVO:00000856	city	ENVO	Lexical	gold.vocab	ENVO	rdf_matcher	0.7886830222021187	rdfs:label	rdfs:label	city	.
gold.vocab:Vagina	Vagina	gold.path:Host-associated	owl:equivalentClass	UBERON:0000996	vagina	uberon	Lexical	gold.vocab	UBERON	rdf_matcher	0.937235705455042	rdfs:label	rdfs:label	vagina	.
gold.vocab:House	House	gold.path:Engineered	owl:equivalentClass	ENVO:01000417	house	entity	Lexical	gold.vocab	ENVO	rdf_matcher	0.7887652168341198	rdfs:label	rdfs:label	house	.
gold.vocab:Park	Park	gold.path:Engineered	owl:equivalentClass	ENVO:00000562	park	entity	Lexical	gold.vocab	ENVO	rdf_matcher	0.7887308645684408	rdfs:label	rdfs:label	park	.
gold.vocab:Honey	Honey	gold.path:Host-associated	owl:equivalentClass	UBERON:0036016	honey	uberon	Lexical	gold.vocab	UBERON	rdf_matcher	0.9372245789704868	rdfs:label	rdfs:label	honey	.
gold.vocab:Supragingival-plaque	Supragingival plaque	gold.path:Host-associated	owl:equivalentClass	UBERON:0016485	supragingival dental plaque	uberon	Lexical	gold.vocab	UBERON	rdf_matcher	0.8667052573351175	rdfs:label	oio:hasRelatedSynonym	supragingival plaque	.
gold.vocab:Hard-palate	Hard palate	gold.path:Host-associated	owl:equivalentClass	UBERON:0003216	hard palate	uberon	Lexical	gold.vocab	UBERON	rdf_matcher	0.9373146306232936	rdfs:label	rdfs:label	hard palate	.
gold.vocab:Introitus	Introitus	gold.path:Host-associated	owl:equivalentClass	UBERON:0008330	vestibule of vagina	uberon	Lexical	gold.vocab	UBERON	rdf_matcher	0.8667179949451665	rdfs:label	oio:hasRelatedSynonym	introitus	.
gold.vocab:Royal-jelly	Royal jelly	gold.path:Host-associated	owl:equivalentClass	FOODON:03301033	royal jelly	entity	Lexical	gold.vocab	FOODON	rdf_matcher	0.7887116113451695	rdfs:label	rdfs:label	royal jelly	.
gold.vocab:Cow-Dung	Cow Dung	gold.path:Host-associated	owl:equivalentClass	UBERON:0001988	feces	uberon	Lexical	gold.vocab	UBERON	rdf_matcher	0.7647251393593336	rdfs:label	oio:hasNarrowSynonym	cow dung	.
gold.vocab:Nasal-cavity	Nasal cavity	gold.path:Host-associated	owl:equivalentClass	UBERON:0001707	nasal cavity	uberon	Lexical	gold.vocab	UBERON	rdf_matcher	0.9372902626162262	rdfs:label	rdfs:label	nasal cavity	.
gold.vocab:Milk	Milk	gold.path:Host-associated	owl:equivalentClass	UBERON:0001913	milk	uberon	Lexical	gold.vocab	UBERON	rdf_matcher	0.937280455038634	rdfs:label	rdfs:label	milk	.
gold.vocab:Blood	Blood	gold.path:Host-associated	owl:equivalentClass	UBERON:0000178	blood	uberon	Lexical	gold.vocab	UBERON	rdf_matcher	0.9372706027998804	rdfs:label	rdfs:label	blood	.
gold.vocab:Porifera	Porifera	gold.path:Host-associated	owl:equivalentClass	NCBITaxon:6040	Porifera	ncbi_taxonomy	Lexical	gold.vocab	NCBITaxon	rdf_matcher	0.9372698711623192	rdfs:label	rdfs:label	porifera	.
gold.vocab:Amniotic-fluid	Amniotic fluid	gold.path:Host-associated	owl:equivalentClass	UBERON:0000173	amniotic fluid	uberon	Lexical	gold.vocab	UBERON	rdf_matcher	0.9372214260246609	rdfs:label	rdfs:label	amniotic fluid	.
gold.vocab:Rhizosphere	Rhizosphere	gold.path:Engineered	owl:equivalentClass	ENVO:00005801	rhizosphere	entity	Lexical	gold.vocab	ENVO	rdf_matcher	0.7886882345074369	rdfs:label	rdfs:label	rhizosphere	.
gold.vocab:Reptilia	Reptilia	gold.path:Host-associated	owl:equivalentClass	NCBITaxon:8504	Lepidosauria	ncbi_taxonomy	Lexical	gold.vocab	NCBITaxon	rdf_matcher	0.8667275107066874	rdfs:label	oio:hasRelatedSynonym	reptilia	.
gold.vocab:Aphids	Aphids	gold.path:Host-associated	owl:equivalentClass	NCBITaxon:27482	Aphididae	ncbi_taxonomy	Lexical	gold.vocab	NCBITaxon	rdf_matcher	0.9286333335800584	rdfs:label	oio:hasExactSynonym	aphids	.
gold.vocab:Lymph-nodes	Lymph nodes	gold.path:Host-associated	owl:equivalentClass	UBERON:0000029	lymph node	uberon	Lexical|Stemming	gold.vocab	UBERON	rdf_matcher	0.9135399875230436	rdfs:label	rdfs:label	lymph nod	.
gold.vocab:tongue-dorsum	tongue dorsum	gold.path:Host-associated	owl:equivalentClass	UBERON:0009471	dorsum of tongue	uberon	Lexical	gold.vocab	UBERON	rdf_matcher	0.9286062011447438	rdfs:label	oio:hasExactSynonym	tongue dorsum	.
gold.vocab:Egg-capsule	Egg capsule	gold.path:Host-associated	owl:equivalentClass	UBERON:3010636	egg capsule	uberon/phenoscape-anatomy	Lexical	gold.vocab	UBERON	rdf_matcher	0.9373117296199058	rdfs:label	rdfs:label	egg capsule	.
gold.vocab:Melt-pond	Melt pond	gold.path:Environmental	owl:equivalentClass	ENVO:03000040	melt pond	entity	Lexical	gold.vocab	ENVO	rdf_matcher	0.8819258765239744	rdfs:label	rdfs:label	melt pond	.
gold.vocab:Palatine-tonsils	Palatine tonsils	gold.path:Host-associated	owl:equivalentClass	UBERON:0002373	palatine tonsil	uberon	Lexical|Stemming	gold.vocab	UBERON	rdf_matcher	0.9135607055491418	rdfs:label	rdfs:label	palatine tonsil	.
gold.vocab:Trophosome	Trophosome	gold.path:Host-associated	owl:equivalentClass	UBERON:0012644	trophosome	uberon	Lexical	gold.vocab	UBERON	rdf_matcher	0.937249582927058	rdfs:label	rdfs:label	trophosome	.
gold.vocab:Brain	Brain	gold.path:Host-associated	owl:equivalentClass	UBERON:0000955	brain	uberon	Lexical	gold.vocab	UBERON	rdf_matcher	0.937232680152749	rdfs:label	rdfs:label	brain	.
gold.vocab:Saliva	Saliva	gold.path:Host-associated	owl:equivalentClass	UBERON:0001836	saliva	uberon	Lexical	gold.vocab	UBERON	rdf_matcher	0.9372562794614192	rdfs:label	rdfs:label	saliva	.
gold.vocab:Bread-production	Bread production	gold.path:Engineered	owl:equivalentClass	FOODON:03312035	bread product	entity	Lexical|Stemming	gold.vocab	FOODON	rdf_matcher	0.7252216029377482	rdfs:label	rdfs:label	bread product	.
gold.vocab:Fen	Fen	gold.path:Environmental	owl:equivalentClass	ENVO:00000232	fen	entity	Lexical	gold.vocab	ENVO	rdf_matcher	0.7887089728602875	rdfs:label	rdfs:label	fen	.
gold.vocab:Oral-cavity	Oral cavity	gold.path:Host-associated	owl:equivalentClass	UBERON:0000167	oral cavity	uberon	Lexical	gold.vocab	UBERON	rdf_matcher	0.937284223229962	rdfs:label	rdfs:label	oral cavity	.
gold.vocab:Rumen	Rumen	gold.path:Host-associated	owl:equivalentClass	UBERON:0007365	rumen	uberon	Lexical	gold.vocab	UBERON	rdf_matcher	0.9372921882122952	rdfs:label	rdfs:label	rumen	.
gold.vocab:Watershed	Watershed	gold.path:Environmental	owl:equivalentClass	ENVO:00000292	watershed	ENVO	Lexical	gold.vocab	ENVO	rdf_matcher	0.8819331440646809	rdfs:label	rdfs:label	watershed	.
gold.vocab:Nematoda	Nematoda	gold.path:Host-associated	owl:equivalentClass	NCBITaxon:6231	Nematoda	ncbi_taxonomy	Lexical	gold.vocab	NCBITaxon	rdf_matcher	0.93731546675215	rdfs:label	rdfs:label	nematoda	.
gold.vocab:Plant-callus	Plant callus	gold.path:Host-associated	owl:equivalentClass	PO:0005052	plant callus	plant_anatomy	Lexical	gold.vocab	PO	rdf_matcher	0.9372819615641887	rdfs:label	rdfs:label	plant callus	.
gold.vocab:Skeletal-system	Skeletal system	gold.path:Host-associated	owl:equivalentClass	UBERON:0001434	skeletal system	uberon	Lexical	gold.vocab	UBERON	rdf_matcher	0.9373103367075843	rdfs:label	rdfs:label	skeletal system	.
gold.vocab:Synovial-membrane	Synovial membrane	gold.path:Host-associated	owl:equivalentClass	UBERON:0007616	layer of synovial tissue	uberon	Lexical	gold.vocab	UBERON	rdf_matcher	0.7647207486061499	rdfs:label	oio:hasNarrowSynonym	synovial membrane	.
gold.vocab:Cecum	Cecum	gold.path:Host-associated	owl:equivalentClass	UBERON:0001153	caecum	uberon	Lexical	gold.vocab	UBERON	rdf_matcher	0.9285742613511716	rdfs:label	oio:hasExactSynonym	cecum	.
gold.vocab:Reproductive-system	Reproductive system	gold.path:Host-associated	owl:equivalentClass	UBERON:0000990	reproductive system	uberon	Lexical	gold.vocab	UBERON	rdf_matcher	0.9372202429379152	rdfs:label	rdfs:label	reproductive system	.
gold.vocab:Xylem-vessels	Xylem vessels	gold.path:Host-associated	owl:equivalentClass	PO:0025417	xylem vessel	plant_anatomy	Lexical|Stemming	gold.vocab	PO	rdf_matcher	0.9134982724929124	rdfs:label	rdfs:label	xylem vessel	.
gold.vocab:Human	Human	gold.path:Host-associated	owl:equivalentClass	NCBITaxon:9606	Homo sapiens	ncbi_taxonomy	Lexical	gold.vocab	NCBITaxon	rdf_matcher	0.928630514438065	rdfs:label	oio:hasExactSynonym	human	.
gold.vocab:Small-intestine	Small intestine	gold.path:Host-associated	owl:equivalentClass	UBERON:0002108	small intestine	uberon	Lexical	gold.vocab	UBERON	rdf_matcher	0.9372682322172982	rdfs:label	rdfs:label	small intestine	.
gold.vocab:Shell	Shell	gold.path:Host-associated	owl:equivalentClass	UBERON:0006612	shell	uberon	Lexical	gold.vocab	UBERON	rdf_matcher	0.9372258350279702	rdfs:label	rdfs:label	shell	.
gold.vocab:Insecta	Insecta	gold.path:Host-associated	owl:equivalentClass	NCBITaxon:50557	Insecta	ncbi_taxonomy	Lexical	gold.vocab	NCBITaxon	rdf_matcher	0.9372774072694026	rdfs:label	rdfs:label	insecta	.
gold.vocab:Plants	Plants	gold.path:Host-associated	owl:equivalentClass	NCBITaxon:3193	Embryophyta	ncbi_taxonomy	Lexical	gold.vocab	NCBITaxon	rdf_matcher	0.9286279198337444	rdfs:label	oio:hasExactSynonym	plants	.
gold.vocab:Sea-water	Sea water	gold.path:Engineered	owl:equivalentClass	ENVO:00002149	sea water	entity	Lexical	gold.vocab	ENVO	rdf_matcher	0.7887698515143042	rdfs:label	rdfs:label	sea water	.
gold.vocab:Leaf	Leaf	gold.path:Host-associated	owl:equivalentClass	PO:0025034	leaf	plant_anatomy	Lexical	gold.vocab	PO	rdf_matcher	0.9372369156516156	rdfs:label	rdfs:label	leaf	.
gold.vocab:Bacteria	Bacteria	gold.path:Host-associated	owl:equivalentClass	NCBITaxon:2	Bacteria	ncbi_taxonomy	Lexical	gold.vocab	NCBITaxon	rdf_matcher	0.9372638952438056	rdfs:label	rdfs:label	bacteria	.
gold.vocab:Mollusca	Mollusca	gold.path:Host-associated	owl:equivalentClass	NCBITaxon:6447	Mollusca	ncbi_taxonomy	Lexical	gold.vocab	NCBITaxon	rdf_matcher	0.937286224072832	rdfs:label	rdfs:label	mollusca	.
gold.vocab:Glands	Glands	gold.path:Host-associated	owl:equivalentClass	UBERON:0002530	gland	uberon	Lexical|Stemming	gold.vocab	UBERON	rdf_matcher	0.9134730623087122	rdfs:label	rdfs:label	gland	.
gold.vocab:Gastrointestinal-tract	Gastrointestinal tract	gold.path:Host-associated	owl:equivalentClass	UBERON:0005409	alimentary part of gastrointestinal system	uberon	Lexical	gold.vocab	UBERON	rdf_matcher	0.8666348861889663	rdfs:label	oio:hasRelatedSynonym	gastrointestinal tract	.
gold.vocab:Soy-sauce	Soy sauce	gold.path:Engineered	owl:equivalentClass	FOODON:03301115	soy sauce	entity	Lexical	gold.vocab	FOODON	rdf_matcher	0.7887045597015949	rdfs:label	rdfs:label	soy sauce	.
gold.vocab:Fermented-food	Fermented food	gold.path:Engineered	owl:equivalentClass	FOODON:00001258	food (fermented)	entity	Lexical|Flattening	gold.vocab	FOODON	rdf_matcher	0.5688997223691823	rdfs:label	rdfs:label	fermentedfood	.
gold.vocab:Stomach	Stomach	gold.path:Host-associated	owl:equivalentClass	UBERON:0000945	stomach	uberon	Lexical	gold.vocab	UBERON	rdf_matcher	0.93725280115726	rdfs:label	rdfs:label	stomach	.
gold.vocab:Mammals	Mammals	gold.path:Host-associated	owl:equivalentClass	NCBITaxon:40674	Mammalia	ncbi_taxonomy	Lexical	gold.vocab	NCBITaxon	rdf_matcher	0.9285653710049424	rdfs:label	oio:hasExactSynonym	mammals	.
gold.vocab:Hindgut	Hindgut	gold.path:Host-associated	owl:equivalentClass	UBERON:0001046	hindgut	uberon	Lexical	gold.vocab	UBERON	rdf_matcher	0.9372897718697238	rdfs:label	rdfs:label	hindgut	.
gold.vocab:Nervous-system	Nervous system	gold.path:Host-associated	owl:equivalentClass	UBERON:0001016	nervous system	uberon	Lexical	gold.vocab	UBERON	rdf_matcher	0.9372712913377076	rdfs:label	rdfs:label	nervous system	.
gold.vocab:Fish	Fish	gold.path:Host-associated	owl:equivalentClass	NCBITaxon:118072	Coelacanthimorpha	ncbi_taxonomy	Lexical	gold.vocab	NCBITaxon	rdf_matcher	0.9286494261611616	rdfs:label	oio:hasExactSynonym	fish	.
gold.vocab:Abdomen	Abdomen	gold.path:Host-associated	owl:equivalentClass	UBERON:0000916	abdomen	uberon	Lexical	gold.vocab	UBERON	rdf_matcher	0.9372601357145866	rdfs:label	rdfs:label	abdomen	.
gold.vocab:Echinodermata	Echinodermata	gold.path:Host-associated	owl:equivalentClass	NCBITaxon:7586	Echinodermata	ncbi_taxonomy	Lexical	gold.vocab	NCBITaxon	rdf_matcher	0.937268203947029	rdfs:label	rdfs:label	echinodermata	.
gold.vocab:Jejunum	Jejunum	gold.path:Host-associated	owl:equivalentClass	UBERON:0002115	jejunum	uberon	Lexical	gold.vocab	UBERON	rdf_matcher	0.9373125881020244	rdfs:label	rdfs:label	jejunum	.
gold.vocab:Dinoflagellates	Dinoflagellates	gold.path:Host-associated	owl:equivalentClass	NCBITaxon:2864	Dinophyceae	ncbi_taxonomy	Lexical	gold.vocab	NCBITaxon	rdf_matcher	0.9286191030467016	rdfs:label	oio:hasExactSynonym	dinoflagellates	.
gold.vocab:Sea-Urchin	Sea Urchin	gold.path:Host-associated	owl:equivalentClass	NCBITaxon:7625	Echinoidea	ncbi_taxonomy	Lexical	gold.vocab	NCBITaxon	rdf_matcher	0.9285561041603804	rdfs:label	oio:hasExactSynonym	sea urchin	.
gold.vocab:Intestine	Intestine	gold.path:Host-associated	owl:equivalentClass	UBERON:0000160	intestine	uberon	Lexical	gold.vocab	UBERON	rdf_matcher	0.9373023224069266	rdfs:label	rdfs:label	intestine	.
gold.vocab:Thorax	Thorax	gold.path:Host-associated	owl:equivalentClass	UBERON:0000915	thoracic segment of trunk	uberon	Lexical	gold.vocab	UBERON	rdf_matcher	0.9285933867206574	rdfs:label	oio:hasExactSynonym	thorax	.
gold.vocab:Lymphatic-system	Lymphatic system	gold.path:Host-associated	owl:equivalentClass	UBERON:0006558	lymphatic part of lymphoid system	uberon	Lexical	gold.vocab	UBERON	rdf_matcher	0.9285682822250992	rdfs:label	oio:hasExactSynonym	lymphatic system	.
gold.vocab:Cephalochordata	Cephalochordata	gold.path:Host-associated	owl:equivalentClass	NCBITaxon:7735	Cephalochordata	ncbi_taxonomy	Lexical	gold.vocab	NCBITaxon	rdf_matcher	0.9372732784529147	rdfs:label	rdfs:label	cephalochordata	.
gold.vocab:Urethra	Urethra	gold.path:Host-associated	owl:equivalentClass	UBERON:0000057	urethra	uberon	Lexical	gold.vocab	UBERON	rdf_matcher	0.9372395600045637	rdfs:label	rdfs:label	urethra	.
gold.vocab:Bronchi	Bronchi	gold.path:Host-associated	owl:equivalentClass	UBERON:0002185	bronchus	uberon	Lexical	gold.vocab	UBERON	rdf_matcher	0.9286052136731952	rdfs:label	oio:hasExactSynonym	bronchi	.
gold.vocab:Metal	Metal	gold.path:Engineered	owl:equivalentClass	ENVO:01001069	metallic material	entity	Lexical	gold.vocab	ENVO	rdf_matcher	0.2888759479170633	rdfs:label	oio:hasRelatedSynonym	metal	.
gold.vocab:Sea-cucumber	Sea cucumber	gold.path:Host-associated	owl:equivalentClass	NCBITaxon:2032702	Apostichopus californicus	entity	Lexical	gold.vocab	NCBITaxon	rdf_matcher	0.9286401739793478	rdfs:label	oio:hasExactSynonym	sea cucumber	.
gold.vocab:Chemical-products	Chemical products	gold.path:Engineered	owl:equivalentClass	ENVO:2000000	chemical product	ENVO	Lexical|Stemming	gold.vocab	ENVO	rdf_matcher	0.7252202013327247	rdfs:label	rdfs:label	chemical product	.
gold.vocab:Kidneys	Kidneys	gold.path:Host-associated	owl:equivalentClass	UBERON:0002113	kidney	uberon	Lexical|Stemming	gold.vocab	UBERON	rdf_matcher	0.9135094131173408	rdfs:label	rdfs:label	kidnei	.
gold.vocab:Circulatory-system	Circulatory system	gold.path:Host-associated	owl:equivalentClass	UBERON:0001009	circulatory system	uberon	Lexical	gold.vocab	UBERON	rdf_matcher	0.9372300532004484	rdfs:label	rdfs:label	circulatory system	.
gold.vocab:Fungi	Fungi	gold.path:Host-associated	owl:equivalentClass	NCBITaxon:4751	Fungi	ncbi_taxonomy	Lexical	gold.vocab	NCBITaxon	rdf_matcher	0.9373110534406356	rdfs:label	rdfs:label	fungi	.
gold.vocab:Horse	Horse	gold.path:Host-associated	owl:equivalentClass	NCBITaxon:9796	Equus caballus	ncbi_taxonomy	Lexical	gold.vocab	NCBITaxon	rdf_matcher	0.9285814716309488	rdfs:label	oio:hasExactSynonym	horse	.
gold.vocab:Ascidians	Ascidians	gold.path:Host-associated	owl:equivalentClass	FOODON:03414467	ascidian	entity	Lexical|Stemming	gold.vocab	FOODON	rdf_matcher	0.7252944130148535	rdfs:label	rdfs:label	ascidian	.
gold.vocab:Tunicates	Tunicates	gold.path:Host-associated	owl:equivalentClass	NCBITaxon:7712	Tunicata	ncbi_taxonomy	Lexical	gold.vocab	NCBITaxon	rdf_matcher	0.92859264543693	rdfs:label	oio:hasExactSynonym	tunicates	.
gold.vocab:Gills	Gills	gold.path:Host-associated	owl:equivalentClass	UBERON:0002535	gill	uberon	Lexical|Stemming	gold.vocab	UBERON	rdf_matcher	0.9134964649333056	rdfs:label	rdfs:label	gill	.
gold.vocab:Conjunctiva	Conjunctiva	gold.path:Host-associated	owl:equivalentClass	UBERON:0001811	conjunctiva	uberon	Lexical	gold.vocab	UBERON	rdf_matcher	0.937222620512186	rdfs:label	rdfs:label	conjunctiva	.
gold.vocab:Arthropoda	Arthropoda	gold.path:Host-associated	owl:equivalentClass	NCBITaxon:6656	Arthropoda	ncbi_taxonomy	Lexical	gold.vocab	NCBITaxon	rdf_matcher	0.9372553045162108	rdfs:label	rdfs:label	arthropoda	.
gold.vocab:Integument	Integument	gold.path:Host-associated	owl:equivalentClass	PO:0020021	integument	plant_anatomy	Lexical	gold.vocab	PO	rdf_matcher	0.9372594617381642	rdfs:label	rdfs:label	integument	.
gold.vocab:Excretory-system	Excretory system	gold.path:Host-associated	owl:equivalentClass	UBERON:0001008	renal system	uberon	Lexical	gold.vocab	UBERON	rdf_matcher	0.928559618209142	rdfs:label	oio:hasExactSynonym	excretory system	.
gold.vocab:Cuticle	Cuticle	gold.path:Host-associated	owl:equivalentClass	UBERON:0001002	cuticle	uberon	Lexical	gold.vocab	UBERON	rdf_matcher	0.93724223637845	rdfs:label	rdfs:label	cuticle	.
gold.vocab:Annelida	Annelida	gold.path:Host-associated	owl:equivalentClass	NCBITaxon:6340	Annelida	ncbi_taxonomy	Lexical	gold.vocab	NCBITaxon	rdf_matcher	0.9372900436358316	rdfs:label	rdfs:label	annelida	.
gold.vocab:Reservoir	Reservoir	gold.path:Environmental	owl:equivalentClass	ENVO:00000025	reservoir	ENVO	Lexical	gold.vocab	ENVO	rdf_matcher	0.88185704195987	rdfs:label	rdfs:label	reservoir	.
gold.vocab:Amoebozoa	Amoebozoa	gold.path:Host-associated	owl:equivalentClass	NCBITaxon:554915	Amoebozoa	ncbi_taxonomy	Lexical	gold.vocab	NCBITaxon	rdf_matcher	0.9372592829800582	rdfs:label	rdfs:label	amoebozoa	.
gold.vocab:Butterfly	Butterfly	gold.path:Host-associated	owl:equivalentClass	NCBITaxon:37572	Papilionoidea	ncbi_taxonomy	Lexical|Stemming	gold.vocab	NCBITaxon	rdf_matcher	0.9019005546567176	rdfs:label	oio:hasExactSynonym	butterfli	.
gold.vocab:Host-associated	Host-associated	gold.path:Host-associated	owl:equivalentClass	gold.path:4086	Host-associated	Host-associated	Lexical	gold.vocab	gold.path	rdf_matcher	0.7887275232687444	rdfs:label	rdfs:label	host-associated	.
gold.vocab:Respiratory-system	Respiratory system	gold.path:Host-associated	owl:equivalentClass	UBERON:0001004	respiratory system	uberon	Lexical	gold.vocab	UBERON	rdf_matcher	0.9372362155743288	rdfs:label	rdfs:label	respiratory system	.
gold.vocab:Amphibia	Amphibia	gold.path:Host-associated	owl:equivalentClass	NCBITaxon:8292	Amphibia	ncbi_taxonomy	Lexical	gold.vocab	NCBITaxon	rdf_matcher	0.9372397120098028	rdfs:label	rdfs:label	amphibia	.
gold.vocab:Ranch	Ranch	gold.path:Environmental	owl:equivalentClass	ENVO:01001207	ranch	entity	Lexical	gold.vocab	ENVO	rdf_matcher	0.8818796159972957	rdfs:label	rdfs:label	ranch	.
gold.vocab:Building	Building	gold.path:Engineered	owl:equivalentClass	ENVO:00000073	building	entity	Lexical	gold.vocab	ENVO	rdf_matcher	0.7887635901779553	rdfs:label	rdfs:label	building	.
gold.vocab:Shrimp	Shrimp	gold.path:Host-associated	owl:equivalentClass	FOODON:03411237	shrimp	entity	Lexical	gold.vocab	FOODON	rdf_matcher	0.7886807936277933	rdfs:label	rdfs:label	shrimp	.
gold.vocab:Hepatopancreas	Hepatopancreas	gold.path:Host-associated	owl:equivalentClass	UBERON:0010264	hepatopancreas	uberon	Lexical	gold.vocab	UBERON	rdf_matcher	0.9372983739200048	rdfs:label	rdfs:label	hepatopancreas	.
gold.vocab:Unclassified	Unclassified	gold.path:Environmental	owl:equivalentClass	NCBITaxon:12908	unclassified sequences	ncbi_taxonomy	Lexical	gold.vocab	NCBITaxon	rdf_matcher	0.6190585276645985	rdfs:label	oio:hasRelatedSynonym	unclassified	.
gold.vocab:Secondary	Secondary	gold.path:Host-associated	owl:equivalentClass	PATO:0002632	secondary	quality	Lexical	gold.vocab	PATO	rdf_matcher	0.7887128748398973	rdfs:label	rdfs:label	secondary	.
gold.vocab:Large-intestine	Large intestine	gold.path:Host-associated	owl:equivalentClass	UBERON:0000059	large intestine	uberon	Lexical	gold.vocab	UBERON	rdf_matcher	0.937288648563012	rdfs:label	rdfs:label	large intestine	.
gold.vocab:Synovial-fluid	Synovial fluid	gold.path:Host-associated	owl:equivalentClass	UBERON:0001090	synovial fluid	uberon	Lexical	gold.vocab	UBERON	rdf_matcher	0.9372367410281812	rdfs:label	rdfs:label	synovial fluid	.
gold.vocab:Biogas	Biogas	gold.path:Engineered	owl:equivalentClass	ENVO:01000556	biogas	entity	Lexical	gold.vocab	ENVO	rdf_matcher	0.7887640090599674	rdfs:label	rdfs:label	biogas	.
gold.vocab:Cnidaria	Cnidaria	gold.path:Host-associated	owl:equivalentClass	NCBITaxon:6073	Cnidaria	ncbi_taxonomy	Lexical	gold.vocab	NCBITaxon	rdf_matcher	0.9372406441404992	rdfs:label	rdfs:label	cnidaria	.
gold.vocab:Birds	Birds	gold.path:Host-associated	owl:equivalentClass	NCBITaxon:8782	Aves	ncbi_taxonomy	Lexical	gold.vocab	NCBITaxon	rdf_matcher	0.928646231478756	rdfs:label	oio:hasExactSynonym	birds	.
gold.vocab:Digestive-system	Digestive system	gold.path:Host-associated	owl:equivalentClass	UBERON:0001007	digestive system	uberon	Lexical	gold.vocab	UBERON	rdf_matcher	0.937224667955934	rdfs:label	rdfs:label	digestive system	.
gold.vocab:Bugs	Bugs	gold.path:Host-associated	owl:equivalentClass	NCBITaxon:33343	Prosorrhyncha	ncbi_taxonomy	Lexical	gold.vocab	NCBITaxon	rdf_matcher	0.9286160105629018	rdfs:label	oio:hasExactSynonym	bugs	.
gold.vocab:Water	Water	gold.path:Engineered	owl:equivalentClass	CHEBI:15377	water	chebi_ontology	Lexical	gold.vocab	CHEBI	rdf_matcher	0.7887320922291186	rdfs:label	rdfs:label	water	.
gold.vocab:Bee	Bee	gold.path:Host-associated	owl:equivalentClass	NCBITaxon:34735	Apoidea	ncbi_taxonomy	Lexical	gold.vocab	NCBITaxon	rdf_matcher	0.8667244306344423	rdfs:label	oio:hasExactSynonym	bee	.
gold.vocab:Aviation-fuel	Aviation fuel	gold.path:Engineered	owl:equivalentClass	ENVO:00003903	aviation fuel	ENVO	Lexical	gold.vocab	ENVO	rdf_matcher	0.7887337914013888	rdfs:label	rdfs:label	aviation fuel	.
gold.vocab:Foregut	Foregut	gold.path:Host-associated	owl:equivalentClass	UBERON:0001041	foregut	uberon	Lexical	gold.vocab	UBERON	rdf_matcher	0.937297344246154	rdfs:label	rdfs:label	foregut	.
gold.vocab:Nest	Nest	gold.path:Environmental	owl:equivalentClass	ENVO:00005803	animal habitation	entity	Lexical	gold.vocab	ENVO	rdf_matcher	0.6189914189926707	rdfs:label	oio:hasNarrowSynonym	nest	.
gold.vocab:Lobster	Lobster	gold.path:Host-associated	owl:equivalentClass	NCBITaxon:6693	lobster	ncbi_taxonomy	Lexical	gold.vocab	NCBITaxon	rdf_matcher	0.9372767272514256	rdfs:label	rdfs:label	lobster	.
gold.vocab:Acid-mine-drainage	Acid mine drainage	gold.path:Engineered	owl:equivalentClass	ENVO:00001997	acid mine drainage	ENVO	Lexical	gold.vocab	ENVO	rdf_matcher	0.788697915047758	rdfs:label	rdfs:label	acid mine drainage	.
gold.vocab:Soil	Soil	gold.path:Environmental	owl:equivalentClass	ENVO:00001998	soil	entity	Lexical	gold.vocab	ENVO	rdf_matcher	0.8818982646834524	rdfs:label	rdfs:label	soil	.
gold.vocab:Gut	Gut	gold.path:Host-associated	owl:equivalentClass	UBERON:0001007	digestive system	uberon	Lexical	gold.vocab	UBERON	rdf_matcher	0.7647328323557271	rdfs:label	oio:hasRelatedSynonym	gut	.
gold.vocab:Oyster	Oyster	gold.path:Host-associated	owl:equivalentClass	NCBITaxon:6563	Ostreidae	ncbi_taxonomy	Lexical|Stemming	gold.vocab	NCBITaxon	rdf_matcher	0.9018744478445784	rdfs:label	oio:hasExactSynonym	oyster	.
gold.vocab:Spring	Spring	gold.path:Environmental	owl:equivalentClass	ENVO:00000027	spring	entity	Lexical	gold.vocab	ENVO	rdf_matcher	0.8818605949554064	rdfs:label	rdfs:label	spring	.
gold.vocab:Terrestrial	Terrestrial	gold.path:Environmental	owl:equivalentClass	ENVO:00000446	terrestrial biome	entity	Lexical	gold.vocab	ENVO	rdf_matcher	0.8667241079900092	oio:hasExactSynonym	rdfs:label	terrestrial biome	.
gold.vocab:Petromyzon	Petromyzon	gold.path:Host-associated	owl:equivalentClass	NCBITaxon:7756	Petromyzon	ncbi_taxonomy	Lexical	gold.vocab	NCBITaxon	rdf_matcher	0.93724727320541	rdfs:label	rdfs:label	petromyzon	.
gold.vocab:Snow	Snow	gold.path:Environmental	owl:equivalentClass	ENVO:01000406	snow	entity	Lexical	gold.vocab	ENVO	rdf_matcher	0.8819351077170339	rdfs:label	rdfs:label	snow	.
gold.vocab:Platyhelminthes	Platyhelminthes	gold.path:Host-associated	owl:equivalentClass	NCBITaxon:6157	Platyhelminthes	ncbi_taxonomy	Lexical	gold.vocab	NCBITaxon	rdf_matcher	0.9372760614588048	rdfs:label	rdfs:label	platyhelminthes	.
gold.vocab:Pasture	Pasture	gold.path:Environmental	owl:equivalentClass	ENVO:00000266	pasture	entity	Lexical	gold.vocab	ENVO	rdf_matcher	0.8819491370448788	rdfs:label	rdfs:label	pasture	.
gold.vocab:Landfill	Landfill	gold.path:Engineered	owl:equivalentClass	ENVO:00000533	landfill	entity	Lexical	gold.vocab	ENVO	rdf_matcher	0.7887394081845887	rdfs:label	rdfs:label	landfill	.
gold.vocab:Subglacial-lake	Subglacial lake	gold.path:Environmental	owl:equivalentClass	ENVO:03000120	subglacial lake	entity	Lexical	gold.vocab	ENVO	rdf_matcher	0.8819054998717658	rdfs:label	rdfs:label	subglacial lake	.
gold.vocab:Nature-reserve	Nature reserve	gold.path:Environmental	owl:equivalentClass	ENVO:00000363	area designated as a nature reserve	entity	Lexical	gold.vocab	ENVO	rdf_matcher	0.4482344862705978	rdfs:label	oio:hasRelatedSynonym	nature reserve	.
gold.vocab:Composting	Composting	gold.path:Engineered	owl:equivalentClass	ENVO:00002170	compost	ENVO	Lexical|Stemming	gold.vocab	ENVO	rdf_matcher	0.725282312151079	rdfs:label	rdfs:label	compost	.
gold.vocab:Biochar	Biochar	gold.path:Engineered	owl:equivalentClass	ENVO:2000007	biochar	entity	Lexical	gold.vocab	ENVO	rdf_matcher	0.7887479198208988	rdfs:label	rdfs:label	biochar	.
gold.vocab:Scales	Scales	gold.path:Host-associated	owl:equivalentClass	UBERON:0007380	dermal scale	uberon	Lexical	gold.vocab	UBERON	rdf_matcher	0.92855975557944	rdfs:label	oio:hasExactSynonym	scales	.
gold.vocab:Mineral-horizon	Mineral horizon	gold.path:Environmental	owl:equivalentClass	ENVO:03600011	mineral horizon	entity	Lexical	gold.vocab	ENVO	rdf_matcher	0.8819454335948057	rdfs:label	rdfs:label	mineral horizon	.
gold.vocab:Carcass	Carcass	gold.path:Host-associated	owl:equivalentClass	UBERON:0008979	carcass	uberon	Lexical	gold.vocab	UBERON	rdf_matcher	0.9372327422889388	rdfs:label	rdfs:label	carcass	.
gold.vocab:Arable	Arable	gold.path:Environmental	owl:equivalentClass	ENVO:01001184	arable	entity	Lexical	gold.vocab	ENVO	rdf_matcher	0.8819241228031791	rdfs:label	rdfs:label	arable	.
gold.vocab:Animal-waste	Animal waste	gold.path:Engineered	owl:equivalentClass	ENVO:00002276	animal waste material	ENVO	Lexical	gold.vocab	ENVO	rdf_matcher	0.4482937828882368	rdfs:label	oio:hasBroadSynonym	animal waste	.
gold.vocab:Marine	Marine	gold.path:Environmental	owl:equivalentClass	ENVO:00000447	marine biome	entity	Lexical	gold.vocab	ENVO	rdf_matcher	0.8666833422118184	oio:hasExactSynonym	rdfs:label	marine biome	.
gold.vocab:Glacial-lake	Glacial lake	gold.path:Environmental	owl:equivalentClass	ENVO:00000488	glacial lake	entity	Lexical	gold.vocab	ENVO	rdf_matcher	0.8819310937738447	rdfs:label	rdfs:label	glacial lake	.
gold.vocab:Ice	Ice	gold.path:Environmental	owl:equivalentClass	ENVO:01001125	ice	entity	Lexical	gold.vocab	ENVO	rdf_matcher	0.7887611863171857	rdfs:label	rdfs:label	ice	.
gold.vocab:Vinegar	Vinegar	gold.path:Engineered	owl:equivalentClass	FOODON:03301705	vinegar	entity	Lexical	gold.vocab	FOODON	rdf_matcher	0.7887438252943599	rdfs:label	rdfs:label	vinegar	.
gold.vocab:Chordata	Chordata	gold.path:Host-associated	owl:equivalentClass	NCBITaxon:7711	Chordata	ncbi_taxonomy	Lexical	gold.vocab	NCBITaxon	rdf_matcher	0.9372478106898188	rdfs:label	rdfs:label	chordata	.
gold.vocab:Feedlot	Feedlot	gold.path:Engineered	owl:equivalentClass	ENVO:01000627	feedlot	entity	Lexical	gold.vocab	ENVO	rdf_matcher	0.7887027106337117	rdfs:label	rdfs:label	feedlot	.
gold.vocab:Kidney	Kidney	gold.path:Host-associated	owl:equivalentClass	UBERON:0002113	kidney	uberon	Lexical	gold.vocab	UBERON	rdf_matcher	0.9373086668801266	rdfs:label	rdfs:label	kidney	.
gold.vocab:Drinking-water	Drinking water	gold.path:Engineered	owl:equivalentClass	ENVO:00003064	drinking water	ENVO	Lexical	gold.vocab	ENVO	rdf_matcher	0.7887542696579999	rdfs:label	rdfs:label	drinking water	.
gold.vocab:Aquifer	Aquifer	gold.path:Engineered	owl:equivalentClass	ENVO:00012408	aquifer	entity	Lexical	gold.vocab	ENVO	rdf_matcher	0.788718246792627	rdfs:label	rdfs:label	aquifer	.
gold.vocab:Spider	Spider	gold.path:Host-associated	owl:equivalentClass	NCBITaxon:6893	Araneae	ncbi_taxonomy	Lexical|Stemming	gold.vocab	NCBITaxon	rdf_matcher	0.9018610570156568	rdfs:label	oio:hasExactSynonym	spider	.
gold.vocab:Floodplain	Floodplain	gold.path:Environmental	owl:equivalentClass	ENVO:00000255	flood plain	ENVO	Lexical	gold.vocab	ENVO	rdf_matcher	0.8666634278629259	rdfs:label	oio:hasExactSynonym	floodplain	.
gold.vocab:Midgut	Midgut	gold.path:Host-associated	owl:equivalentClass	UBERON:0001045	midgut	uberon	Lexical	gold.vocab	UBERON	rdf_matcher	0.937314193026336	rdfs:label	rdfs:label	midgut	.
gold.vocab:Fossil	Fossil	gold.path:Environmental	owl:equivalentClass	ENVO:01001112	fossilization of organic material	entity	Lexical|Stemming	gold.vocab	ENVO	rdf_matcher	0.5346920537663699	rdfs:label	oio:hasBroadSynonym	fossil	.
gold.vocab:Biocrust	Biocrust	gold.path:Environmental	owl:equivalentClass	ENVO:01000909	biocrust	entity	Lexical	gold.vocab	ENVO	rdf_matcher	0.8818578209340578	rdfs:label	rdfs:label	biocrust	.
gold.vocab:Continental-margin	Continental margin	gold.path:Environmental	owl:equivalentClass	ENVO:01000298	continental margin	entity	Lexical	gold.vocab	ENVO	rdf_matcher	0.8818982252544043	rdfs:label	rdfs:label	continental margin	.
gold.vocab:Industrial-wastewater	Industrial wastewater	gold.path:Engineered	owl:equivalentClass	ENVO:01000964	industrial wastewater	entity	Lexical	gold.vocab	ENVO	rdf_matcher	0.7886898904213959	rdfs:label	rdfs:label	industrial wastewater	.
gold.vocab:Archipelago	Archipelago	gold.path:Environmental	owl:equivalentClass	ENVO:00000220	archipelago	entity	Lexical	gold.vocab	ENVO	rdf_matcher	0.8818773101337776	rdfs:label	rdfs:label	archipelago	.
gold.vocab:Glacier	Glacier	gold.path:Environmental	owl:equivalentClass	ENVO:00000133	glacier	entity	Lexical	gold.vocab	ENVO	rdf_matcher	0.8819069469365612	rdfs:label	rdfs:label	glacier	.
gold.vocab:Gingiva	Gingiva	gold.path:Host-associated	owl:equivalentClass	UBERON:0001828	gingiva	uberon	Lexical	gold.vocab	UBERON	rdf_matcher	0.9372704029939511	rdfs:label	rdfs:label	gingiva	.
gold.vocab:Benthic	Benthic	gold.path:Environmental	owl:equivalentClass	ENVO:01000024	marine benthic biome	entity	Lexical	gold.vocab	ENVO	rdf_matcher	0.8666921252835101	oio:hasExactSynonym	rdfs:label	marine benthic biome	.

